{
  "unversionedId": "Tutorial1/manage-docs-versions",
  "id": "Tutorial1/manage-docs-versions",
  "title": "How to create",
  "description": "Docusaurus can manage multiple versions of your docs.",
  "source": "@site/docs/Tutorial1/manage-docs-versions.md",
  "sourceDirName": "Tutorial1",
  "slug": "/Tutorial1/manage-docs-versions",
  "permalink": "/docs/Tutorial1/manage-docs-versions",
  "editUrl": "https://github.com/facebook/docusaurus/tree/main/packages/create-docusaurus/templates/shared/docs/Tutorial1/manage-docs-versions.md",
  "tags": [],
  "version": "current",
  "sidebarPosition": 1,
  "frontMatter": {
    "sidebar_position": 1
  },
  "sidebar": "tutorialSidebar",
  "previous": {
    "title": "Translate your site",
    "permalink": "/docs/tutorial-extras/translate-your-site"
  },
  "next": {
    "title": "How to Deploy",
    "permalink": "/docs/Tutorial1/translate-your-site"
  }
}