{
  "unversionedId": "Tutorial01/translate-your-site",
  "id": "Tutorial01/translate-your-site",
  "title": "How to Deploy",
  "description": "Let's translate docs/intro.md to French.",
  "source": "@site/docs/Tutorial01/translate-your-site.md",
  "sourceDirName": "Tutorial01",
  "slug": "/Tutorial01/translate-your-site",
  "permalink": "/docs/Tutorial01/translate-your-site",
  "editUrl": "https://github.com/facebook/docusaurus/tree/main/packages/create-docusaurus/templates/shared/docs/Tutorial01/translate-your-site.md",
  "tags": [],
  "version": "current",
  "sidebarPosition": 2,
  "frontMatter": {
    "sidebar_position": 2
  },
  "sidebar": "tutorialSidebar",
  "previous": {
    "title": "How to create",
    "permalink": "/docs/Tutorial01/manage-docs-versions"
  }
}