{
  "unversionedId": "configure/tutorial-basics/create-a-page",
  "id": "configure/tutorial-basics/create-a-page",
  "title": "Create a Page",
  "description": "Add Markdown or React files to src/pages to create a standalone page:",
  "source": "@site/devops/configure/tutorial-basics/create-a-page.md",
  "sourceDirName": "configure/tutorial-basics",
  "slug": "/configure/tutorial-basics/create-a-page",
  "permalink": "/devops/configure/tutorial-basics/create-a-page",
  "tags": [],
  "version": "current",
  "sidebarPosition": 1,
  "frontMatter": {
    "sidebar_position": 1
  },
  "sidebar": "tutorialSidebar",
  "previous": {
    "title": "Tutorial Intro",
    "permalink": "/devops/configure/intro"
  },
  "next": {
    "title": "Create a Document",
    "permalink": "/devops/configure/tutorial-basics/create-a-document"
  }
}