{
  "unversionedId": "tutorial-basics/markdown-features",
  "id": "tutorial-basics/markdown-features",
  "title": "Markdown Features",
  "description": "Docusaurus supports Markdown and a few additional features.",
  "source": "@site/devops/tutorial-basics/markdown-features.mdx",
  "sourceDirName": "tutorial-basics",
  "slug": "/tutorial-basics/markdown-features",
  "permalink": "/devops/tutorial-basics/markdown-features",
  "tags": [],
  "version": "current",
  "sidebarPosition": 4,
  "frontMatter": {
    "sidebar_position": 4
  },
  "sidebar": "tutorialSidebar",
  "previous": {
    "title": "Create a Blog Post",
    "permalink": "/devops/tutorial-basics/create-a-blog-post"
  },
  "next": {
    "title": "Deploy your site",
    "permalink": "/devops/tutorial-basics/deploy-your-site"
  }
}