{
  "unversionedId": "tutorial-basics/markdown-features",
  "id": "tutorial-basics/markdown-features",
  "title": "Markdown Features",
  "description": "Docusaurus supports Markdown and a few additional features.",
  "source": "@site/docs-api/tutorial-basics/markdown-features.mdx",
  "sourceDirName": "tutorial-basics",
  "slug": "/tutorial-basics/markdown-features",
  "permalink": "/docs-api/tutorial-basics/markdown-features",
  "tags": [],
  "version": "current",
  "sidebarPosition": 4,
  "frontMatter": {
    "sidebar_position": 4
  }
}