{
  "unversionedId": "aws/intro",
  "id": "aws/intro",
  "title": "Tutorial Intro",
  "description": "From Tutorial 01",
  "source": "@site/cloud/aws/intro.md",
  "sourceDirName": "aws",
  "slug": "/aws/intro",
  "permalink": "/cloud/aws/intro",
  "tags": [],
  "version": "current",
  "sidebarPosition": 1,
  "frontMatter": {
    "sidebar_position": 1
  },
  "sidebar": "tutorialSidebar",
  "previous": {
    "title": "Intro",
    "permalink": "/cloud/intro"
  },
  "next": {
    "title": "Create a Page",
    "permalink": "/cloud/aws/tutorial-basics/create-a-page"
  }
}