{
  "unversionedId": "azure/tutorial-basics/deploy-your-site",
  "id": "azure/tutorial-basics/deploy-your-site",
  "title": "Deploy your site",
  "description": "Docusaurus is a static-site-generator (also called Jamstack).",
  "source": "@site/cloud/azure/tutorial-basics/deploy-your-site.md",
  "sourceDirName": "azure/tutorial-basics",
  "slug": "/azure/tutorial-basics/deploy-your-site",
  "permalink": "/cloud/azure/tutorial-basics/deploy-your-site",
  "tags": [],
  "version": "current",
  "sidebarPosition": 5,
  "frontMatter": {
    "sidebar_position": 5
  },
  "sidebar": "tutorialSidebar",
  "previous": {
    "title": "Markdown Features",
    "permalink": "/cloud/azure/tutorial-basics/markdown-features"
  },
  "next": {
    "title": "Congratulations!",
    "permalink": "/cloud/azure/tutorial-basics/congratulations"
  }
}