{
  "unversionedId": "integration/intro",
  "id": "integration/intro",
  "title": "Tutorial Intro",
  "description": "From Tutorial 01",
  "source": "@site/devops/integration/intro.md",
  "sourceDirName": "integration",
  "slug": "/integration/intro",
  "permalink": "/devops/integration/intro",
  "tags": [],
  "version": "current",
  "sidebarPosition": 1,
  "frontMatter": {
    "sidebar_position": 1
  },
  "sidebar": "tutorialSidebar",
  "previous": {
    "title": "Translate your site",
    "permalink": "/devops/configure/tutorial-extras/translate-your-site"
  },
  "next": {
    "title": "Create a Page",
    "permalink": "/devops/integration/tutorial-basics/create-a-page"
  }
}