{
  "unversionedId": "configure/intro",
  "id": "configure/intro",
  "title": "Tutorial Intro",
  "description": "From Tutorial 01",
  "source": "@site/devops/configure/intro.md",
  "sourceDirName": "configure",
  "slug": "/configure/intro",
  "permalink": "/devops/configure/intro",
  "tags": [],
  "version": "current",
  "sidebarPosition": 1,
  "frontMatter": {
    "sidebar_position": 1
  },
  "sidebar": "tutorialSidebar",
  "previous": {
    "title": "Intro",
    "permalink": "/devops/intro"
  },
  "next": {
    "title": "Create a Page",
    "permalink": "/devops/configure/tutorial-basics/create-a-page"
  }
}