{
  "pluginId": "devops",
  "version": "current",
  "label": "Next",
  "banner": null,
  "badge": false,
  "className": "docs-version-current",
  "isLast": true,
  "docsSidebars": {
    "tutorialSidebar": [
      {
        "type": "link",
        "label": "Intro",
        "href": "/devops/intro",
        "docId": "intro"
      },
      {
        "type": "category",
        "label": "configure",
        "collapsible": true,
        "collapsed": true,
        "items": [
          {
            "type": "link",
            "label": "Tutorial Intro",
            "href": "/devops/configure/intro",
            "docId": "configure/intro"
          },
          {
            "type": "category",
            "label": "Tutorial - Basics",
            "collapsible": true,
            "collapsed": true,
            "items": [
              {
                "type": "link",
                "label": "Create a Page",
                "href": "/devops/configure/tutorial-basics/create-a-page",
                "docId": "configure/tutorial-basics/create-a-page"
              },
              {
                "type": "link",
                "label": "Create a Document",
                "href": "/devops/configure/tutorial-basics/create-a-document",
                "docId": "configure/tutorial-basics/create-a-document"
              },
              {
                "type": "link",
                "label": "Create a Blog Post",
                "href": "/devops/configure/tutorial-basics/create-a-blog-post",
                "docId": "configure/tutorial-basics/create-a-blog-post"
              },
              {
                "type": "link",
                "label": "Markdown Features",
                "href": "/devops/configure/tutorial-basics/markdown-features",
                "docId": "configure/tutorial-basics/markdown-features"
              },
              {
                "type": "link",
                "label": "Deploy your site",
                "href": "/devops/configure/tutorial-basics/deploy-your-site",
                "docId": "configure/tutorial-basics/deploy-your-site"
              },
              {
                "type": "link",
                "label": "Congratulations!",
                "href": "/devops/configure/tutorial-basics/congratulations",
                "docId": "configure/tutorial-basics/congratulations"
              }
            ]
          },
          {
            "type": "category",
            "label": "Tutorial - Extras",
            "collapsible": true,
            "collapsed": true,
            "items": [
              {
                "type": "link",
                "label": "Manage Docs Versions",
                "href": "/devops/configure/tutorial-extras/manage-docs-versions",
                "docId": "configure/tutorial-extras/manage-docs-versions"
              },
              {
                "type": "link",
                "label": "Translate your site",
                "href": "/devops/configure/tutorial-extras/translate-your-site",
                "docId": "configure/tutorial-extras/translate-your-site"
              }
            ]
          }
        ]
      },
      {
        "type": "category",
        "label": "integration",
        "collapsible": true,
        "collapsed": true,
        "items": [
          {
            "type": "link",
            "label": "Tutorial Intro",
            "href": "/devops/integration/intro",
            "docId": "integration/intro"
          },
          {
            "type": "category",
            "label": "Tutorial - Basics",
            "collapsible": true,
            "collapsed": true,
            "items": [
              {
                "type": "link",
                "label": "Create a Page",
                "href": "/devops/integration/tutorial-basics/create-a-page",
                "docId": "integration/tutorial-basics/create-a-page"
              },
              {
                "type": "link",
                "label": "Create a Document",
                "href": "/devops/integration/tutorial-basics/create-a-document",
                "docId": "integration/tutorial-basics/create-a-document"
              },
              {
                "type": "link",
                "label": "Create a Blog Post",
                "href": "/devops/integration/tutorial-basics/create-a-blog-post",
                "docId": "integration/tutorial-basics/create-a-blog-post"
              },
              {
                "type": "link",
                "label": "Markdown Features",
                "href": "/devops/integration/tutorial-basics/markdown-features",
                "docId": "integration/tutorial-basics/markdown-features"
              },
              {
                "type": "link",
                "label": "Deploy your site",
                "href": "/devops/integration/tutorial-basics/deploy-your-site",
                "docId": "integration/tutorial-basics/deploy-your-site"
              },
              {
                "type": "link",
                "label": "Congratulations!",
                "href": "/devops/integration/tutorial-basics/congratulations",
                "docId": "integration/tutorial-basics/congratulations"
              }
            ]
          },
          {
            "type": "category",
            "label": "Tutorial - Extras",
            "collapsible": true,
            "collapsed": true,
            "items": [
              {
                "type": "link",
                "label": "Manage Docs Versions",
                "href": "/devops/integration/tutorial-extras/manage-docs-versions",
                "docId": "integration/tutorial-extras/manage-docs-versions"
              },
              {
                "type": "link",
                "label": "Translate your site",
                "href": "/devops/integration/tutorial-extras/translate-your-site",
                "docId": "integration/tutorial-extras/translate-your-site"
              }
            ]
          }
        ]
      },
      {
        "type": "category",
        "label": "testing",
        "collapsible": true,
        "collapsed": true,
        "items": [
          {
            "type": "link",
            "label": "Tutorial Intro",
            "href": "/devops/testing/intro",
            "docId": "testing/intro"
          },
          {
            "type": "category",
            "label": "Tutorial - Basics",
            "collapsible": true,
            "collapsed": true,
            "items": [
              {
                "type": "link",
                "label": "Create a Page",
                "href": "/devops/testing/tutorial-basics/create-a-page",
                "docId": "testing/tutorial-basics/create-a-page"
              },
              {
                "type": "link",
                "label": "Create a Document",
                "href": "/devops/testing/tutorial-basics/create-a-document",
                "docId": "testing/tutorial-basics/create-a-document"
              },
              {
                "type": "link",
                "label": "Create a Blog Post",
                "href": "/devops/testing/tutorial-basics/create-a-blog-post",
                "docId": "testing/tutorial-basics/create-a-blog-post"
              },
              {
                "type": "link",
                "label": "Markdown Features",
                "href": "/devops/testing/tutorial-basics/markdown-features",
                "docId": "testing/tutorial-basics/markdown-features"
              },
              {
                "type": "link",
                "label": "Deploy your site",
                "href": "/devops/testing/tutorial-basics/deploy-your-site",
                "docId": "testing/tutorial-basics/deploy-your-site"
              },
              {
                "type": "link",
                "label": "Congratulations!",
                "href": "/devops/testing/tutorial-basics/congratulations",
                "docId": "testing/tutorial-basics/congratulations"
              }
            ]
          },
          {
            "type": "category",
            "label": "Tutorial - Extras",
            "collapsible": true,
            "collapsed": true,
            "items": [
              {
                "type": "link",
                "label": "Manage Docs Versions",
                "href": "/devops/testing/tutorial-extras/manage-docs-versions",
                "docId": "testing/tutorial-extras/manage-docs-versions"
              },
              {
                "type": "link",
                "label": "Translate your site",
                "href": "/devops/testing/tutorial-extras/translate-your-site",
                "docId": "testing/tutorial-extras/translate-your-site"
              }
            ]
          }
        ]
      }
    ]
  },
  "docs": {
    "configure/intro": {
      "id": "configure/intro",
      "title": "Tutorial Intro",
      "description": "From Tutorial 01",
      "sidebar": "tutorialSidebar"
    },
    "configure/tutorial-basics/congratulations": {
      "id": "configure/tutorial-basics/congratulations",
      "title": "Congratulations!",
      "description": "You have just learned the basics of Docusaurus and made some changes to the initial template.",
      "sidebar": "tutorialSidebar"
    },
    "configure/tutorial-basics/create-a-blog-post": {
      "id": "configure/tutorial-basics/create-a-blog-post",
      "title": "Create a Blog Post",
      "description": "Docusaurus creates a page for each blog post, but also a blog index page, a tag system, an RSS feed...",
      "sidebar": "tutorialSidebar"
    },
    "configure/tutorial-basics/create-a-document": {
      "id": "configure/tutorial-basics/create-a-document",
      "title": "Create a Document",
      "description": "Documents are groups of pages connected through:",
      "sidebar": "tutorialSidebar"
    },
    "configure/tutorial-basics/create-a-page": {
      "id": "configure/tutorial-basics/create-a-page",
      "title": "Create a Page",
      "description": "Add Markdown or React files to src/pages to create a standalone page:",
      "sidebar": "tutorialSidebar"
    },
    "configure/tutorial-basics/deploy-your-site": {
      "id": "configure/tutorial-basics/deploy-your-site",
      "title": "Deploy your site",
      "description": "Docusaurus is a static-site-generator (also called Jamstack).",
      "sidebar": "tutorialSidebar"
    },
    "configure/tutorial-basics/markdown-features": {
      "id": "configure/tutorial-basics/markdown-features",
      "title": "Markdown Features",
      "description": "Docusaurus supports Markdown and a few additional features.",
      "sidebar": "tutorialSidebar"
    },
    "configure/tutorial-extras/manage-docs-versions": {
      "id": "configure/tutorial-extras/manage-docs-versions",
      "title": "Manage Docs Versions",
      "description": "Docusaurus can manage multiple versions of your docs.",
      "sidebar": "tutorialSidebar"
    },
    "configure/tutorial-extras/translate-your-site": {
      "id": "configure/tutorial-extras/translate-your-site",
      "title": "Translate your site",
      "description": "Let's translate docs/intro.md to French.",
      "sidebar": "tutorialSidebar"
    },
    "integration/intro": {
      "id": "integration/intro",
      "title": "Tutorial Intro",
      "description": "From Tutorial 01",
      "sidebar": "tutorialSidebar"
    },
    "integration/tutorial-basics/congratulations": {
      "id": "integration/tutorial-basics/congratulations",
      "title": "Congratulations!",
      "description": "You have just learned the basics of Docusaurus and made some changes to the initial template.",
      "sidebar": "tutorialSidebar"
    },
    "integration/tutorial-basics/create-a-blog-post": {
      "id": "integration/tutorial-basics/create-a-blog-post",
      "title": "Create a Blog Post",
      "description": "Docusaurus creates a page for each blog post, but also a blog index page, a tag system, an RSS feed...",
      "sidebar": "tutorialSidebar"
    },
    "integration/tutorial-basics/create-a-document": {
      "id": "integration/tutorial-basics/create-a-document",
      "title": "Create a Document",
      "description": "Documents are groups of pages connected through:",
      "sidebar": "tutorialSidebar"
    },
    "integration/tutorial-basics/create-a-page": {
      "id": "integration/tutorial-basics/create-a-page",
      "title": "Create a Page",
      "description": "Add Markdown or React files to src/pages to create a standalone page:",
      "sidebar": "tutorialSidebar"
    },
    "integration/tutorial-basics/deploy-your-site": {
      "id": "integration/tutorial-basics/deploy-your-site",
      "title": "Deploy your site",
      "description": "Docusaurus is a static-site-generator (also called Jamstack).",
      "sidebar": "tutorialSidebar"
    },
    "integration/tutorial-basics/markdown-features": {
      "id": "integration/tutorial-basics/markdown-features",
      "title": "Markdown Features",
      "description": "Docusaurus supports Markdown and a few additional features.",
      "sidebar": "tutorialSidebar"
    },
    "integration/tutorial-extras/manage-docs-versions": {
      "id": "integration/tutorial-extras/manage-docs-versions",
      "title": "Manage Docs Versions",
      "description": "Docusaurus can manage multiple versions of your docs.",
      "sidebar": "tutorialSidebar"
    },
    "integration/tutorial-extras/translate-your-site": {
      "id": "integration/tutorial-extras/translate-your-site",
      "title": "Translate your site",
      "description": "Let's translate docs/intro.md to French.",
      "sidebar": "tutorialSidebar"
    },
    "intro": {
      "id": "intro",
      "title": "Intro",
      "description": "From DevOps",
      "sidebar": "tutorialSidebar"
    },
    "testing/intro": {
      "id": "testing/intro",
      "title": "Tutorial Intro",
      "description": "From Tutorial 01",
      "sidebar": "tutorialSidebar"
    },
    "testing/tutorial-basics/congratulations": {
      "id": "testing/tutorial-basics/congratulations",
      "title": "Congratulations!",
      "description": "You have just learned the basics of Docusaurus and made some changes to the initial template.",
      "sidebar": "tutorialSidebar"
    },
    "testing/tutorial-basics/create-a-blog-post": {
      "id": "testing/tutorial-basics/create-a-blog-post",
      "title": "Create a Blog Post",
      "description": "Docusaurus creates a page for each blog post, but also a blog index page, a tag system, an RSS feed...",
      "sidebar": "tutorialSidebar"
    },
    "testing/tutorial-basics/create-a-document": {
      "id": "testing/tutorial-basics/create-a-document",
      "title": "Create a Document",
      "description": "Documents are groups of pages connected through:",
      "sidebar": "tutorialSidebar"
    },
    "testing/tutorial-basics/create-a-page": {
      "id": "testing/tutorial-basics/create-a-page",
      "title": "Create a Page",
      "description": "Add Markdown or React files to src/pages to create a standalone page:",
      "sidebar": "tutorialSidebar"
    },
    "testing/tutorial-basics/deploy-your-site": {
      "id": "testing/tutorial-basics/deploy-your-site",
      "title": "Deploy your site",
      "description": "Docusaurus is a static-site-generator (also called Jamstack).",
      "sidebar": "tutorialSidebar"
    },
    "testing/tutorial-basics/markdown-features": {
      "id": "testing/tutorial-basics/markdown-features",
      "title": "Markdown Features",
      "description": "Docusaurus supports Markdown and a few additional features.",
      "sidebar": "tutorialSidebar"
    },
    "testing/tutorial-extras/manage-docs-versions": {
      "id": "testing/tutorial-extras/manage-docs-versions",
      "title": "Manage Docs Versions",
      "description": "Docusaurus can manage multiple versions of your docs.",
      "sidebar": "tutorialSidebar"
    },
    "testing/tutorial-extras/translate-your-site": {
      "id": "testing/tutorial-extras/translate-your-site",
      "title": "Translate your site",
      "description": "Let's translate docs/intro.md to French.",
      "sidebar": "tutorialSidebar"
    }
  }
}