{
  "unversionedId": "tutorial-01/desc",
  "id": "tutorial-01/desc",
  "title": "Description",
  "description": "Let's discover Docusaurus in less than 5 minutes.",
  "source": "@site/docs/tutorial-01/desc.md",
  "sourceDirName": "tutorial-01",
  "slug": "/tutorial-01/desc",
  "permalink": "/docs/tutorial-01/desc",
  "editUrl": "https://github.com/facebook/docusaurus/tree/main/packages/create-docusaurus/templates/shared/docs/tutorial-01/desc.md",
  "tags": [],
  "version": "current",
  "sidebarPosition": 2,
  "frontMatter": {
    "sidebar_position": 2
  },
  "sidebar": "tutorialSidebar",
  "previous": {
    "title": "Introduction",
    "permalink": "/docs/tutorial-01/tutorial01"
  }
}