{
  "/api-703": {
    "component": "48dcf387",
    "config": "5e9f5e1a"
  },
  "/blog-520": {
    "component": "a6aa9e1f",
    "sidebar": "814f3328",
    "items": [
      {
        "content": "7661071f"
      },
      {
        "content": "f4f34a3a"
      },
      {
        "content": "8717b14a"
      },
      {
        "content": "925b3f96"
      }
    ],
    "metadata": "b2b675dd"
  },
  "/blog/archive-f4c": {
    "component": "9e4087bc",
    "archive": "b2f554cd"
  },
  "/blog/first-blog-post-6c7": {
    "component": "ccc49370",
    "sidebar": "814f3328",
    "content": "e273c56f"
  },
  "/blog/long-blog-post-f06": {
    "component": "ccc49370",
    "sidebar": "814f3328",
    "content": "73664a40"
  },
  "/blog/mdx-blog-post-bee": {
    "component": "ccc49370",
    "sidebar": "814f3328",
    "content": "59362658"
  },
  "/blog/tags-e13": {
    "component": "01a85c17",
    "sidebar": "814f3328",
    "tags": "a7023ddc"
  },
  "/blog/tags/docusaurus-ddf": {
    "component": "6875c492",
    "sidebar": "814f3328",
    "items": [
      {
        "content": "7661071f"
      },
      {
        "content": "f4f34a3a"
      },
      {
        "content": "8717b14a"
      },
      {
        "content": "925b3f96"
      }
    ],
    "metadata": "a80da1cf"
  },
  "/blog/tags/facebook-ede": {
    "component": "6875c492",
    "sidebar": "814f3328",
    "items": [
      {
        "content": "7661071f"
      }
    ],
    "metadata": "031793e1"
  },
  "/blog/tags/hello-4c2": {
    "component": "6875c492",
    "sidebar": "814f3328",
    "items": [
      {
        "content": "7661071f"
      },
      {
        "content": "8717b14a"
      }
    ],
    "metadata": "30a24c52"
  },
  "/blog/tags/hola-752": {
    "component": "6875c492",
    "sidebar": "814f3328",
    "items": [
      {
        "content": "925b3f96"
      }
    ],
    "metadata": "e16015ca"
  },
  "/blog/welcome-bfa": {
    "component": "ccc49370",
    "sidebar": "814f3328",
    "content": "d9f32620"
  },
  "/docs/tutorial1-109": {
    "component": "1f391b9e",
    "content": "172b1ddb"
  },
  "/markdown-page-be1": {
    "component": "1f391b9e",
    "content": "393be207"
  },
  "/docs-ccd": {
    "component": "1be78505",
    "versionMetadata": "935f2afb"
  },
  "/docs/intro-aed": {
    "component": "17896441",
    "content": "0e384e19"
  },
  "/docs/tutorial-01/desc-17b": {
    "component": "17896441",
    "content": "a42aad23"
  },
  "/docs/tutorial-01/tutorial01-df0": {
    "component": "17896441",
    "content": "b44c5a17"
  },
  "/docs/tutorial-basics/congratulations-793": {
    "component": "17896441",
    "content": "822bd8ab"
  },
  "/docs/tutorial-basics/create-a-blog-post-68e": {
    "component": "17896441",
    "content": "533a09ca"
  },
  "/docs/tutorial-basics/create-a-document-c2d": {
    "component": "17896441",
    "content": "1e4232ab"
  },
  "/docs/tutorial-basics/create-a-page-f44": {
    "component": "17896441",
    "content": "5c868d36"
  },
  "/docs/tutorial-basics/deploy-your-site-e46": {
    "component": "17896441",
    "content": "f55d3e7a"
  },
  "/docs/tutorial-basics/markdown-features-4b7": {
    "component": "17896441",
    "content": "18c41134"
  },
  "/docs/tutorial-extras/manage-docs-versions-fdd": {
    "component": "17896441",
    "content": "dff1c289"
  },
  "/docs/tutorial-extras/translate-your-site-2d7": {
    "component": "17896441",
    "content": "e44a2883"
  },
  "/docs-api/tutorial01-88d": {
    "component": "1be78505",
    "versionMetadata": "a9c95f65"
  },
  "/docs-api/tutorial01/intro-640": {
    "component": "17896441",
    "content": "8be40c8b"
  },
  "/docs-api/tutorial01/tutorial-basics/congratulations-016": {
    "component": "17896441",
    "content": "1fe6ca02"
  },
  "/docs-api/tutorial01/tutorial-basics/create-a-blog-post-5f9": {
    "component": "17896441",
    "content": "c74fe7e0"
  },
  "/docs-api/tutorial01/tutorial-basics/create-a-document-fb8": {
    "component": "17896441",
    "content": "28e37fc1"
  },
  "/docs-api/tutorial01/tutorial-basics/create-a-page-48a": {
    "component": "17896441",
    "content": "d542a678"
  },
  "/docs-api/tutorial01/tutorial-basics/deploy-your-site-956": {
    "component": "17896441",
    "content": "be62e09e"
  },
  "/docs-api/tutorial01/tutorial-basics/markdown-features-e55": {
    "component": "17896441",
    "content": "c4279869"
  },
  "/docs-api/tutorial01/tutorial-extras/manage-docs-versions-385": {
    "component": "17896441",
    "content": "03c9f4ca"
  },
  "/docs-api/tutorial01/tutorial-extras/translate-your-site-6e0": {
    "component": "17896441",
    "content": "36785bf6"
  },
  "/docs-api/tutorial02-f68": {
    "component": "1be78505",
    "versionMetadata": "49f254d6"
  },
  "/docs-api/tutorial02/intro-7ac": {
    "component": "17896441",
    "content": "80c360cb"
  },
  "/docs-api/tutorial02/tutorial-basics/congratulations-8ae": {
    "component": "17896441",
    "content": "97ec328d"
  },
  "/docs-api/tutorial02/tutorial-basics/create-a-blog-post-f3b": {
    "component": "17896441",
    "content": "99d98c5c"
  },
  "/docs-api/tutorial02/tutorial-basics/create-a-document-057": {
    "component": "17896441",
    "content": "1c18b540"
  },
  "/docs-api/tutorial02/tutorial-basics/create-a-page-d85": {
    "component": "17896441",
    "content": "ecd9873e"
  },
  "/docs-api/tutorial02/tutorial-basics/deploy-your-site-e90": {
    "component": "17896441",
    "content": "205ec352"
  },
  "/docs-api/tutorial02/tutorial-basics/markdown-features-a73": {
    "component": "17896441",
    "content": "e31d45e1"
  },
  "/docs-api/tutorial02/tutorial-extras/manage-docs-versions-a26": {
    "component": "17896441",
    "content": "21664f55"
  },
  "/docs-api/tutorial02/tutorial-extras/translate-your-site-1ff": {
    "component": "17896441",
    "content": "d4ea181d"
  },
  "/-deb": {
    "component": "c4f5d8e4",
    "config": "5e9f5e1a"
  }
}