{
  "unversionedId": "tutorial-basics/create-a-document",
  "id": "tutorial-basics/create-a-document",
  "title": "Create a Document",
  "description": "Documents are groups of pages connected through:",
  "source": "@site/docs-api/tutorial01/tutorial-basics/create-a-document.md",
  "sourceDirName": "tutorial-basics",
  "slug": "/tutorial-basics/create-a-document",
  "permalink": "/docs-api/tutorial01/tutorial-basics/create-a-document",
  "tags": [],
  "version": "current",
  "sidebarPosition": 2,
  "frontMatter": {
    "sidebar_position": 2
  },
  "sidebar": "tutorialSidebar",
  "previous": {
    "title": "Create a Page",
    "permalink": "/docs-api/tutorial01/tutorial-basics/create-a-page"
  },
  "next": {
    "title": "Create a Page",
    "permalink": "/docs-api/tutorial01/tutorial-basics/create-a-page"
  }
}