{
  "unversionedId": "intro",
  "id": "intro",
  "title": "Tutorial Intro",
  "description": "From Tutorial 02",
  "source": "@site/docs-api/tutorial02/intro.md",
  "sourceDirName": ".",
  "slug": "/intro",
  "permalink": "/docs-api/tutorial02/intro",
  "tags": [],
  "version": "current",
  "sidebarPosition": 1,
  "frontMatter": {
    "sidebar_position": 1
  },
  "sidebar": "tutorialSidebar",
  "next": {
    "title": "Create a Page",
    "permalink": "/docs-api/tutorial02/tutorial-basics/create-a-page"
  }
}