{
  "unversionedId": "azure/intro",
  "id": "azure/intro",
  "title": "Tutorial Intro",
  "description": "From Tutorial 01",
  "source": "@site/cloud/azure/intro.md",
  "sourceDirName": "azure",
  "slug": "/azure/intro",
  "permalink": "/cloud/azure/intro",
  "tags": [],
  "version": "current",
  "sidebarPosition": 1,
  "frontMatter": {
    "sidebar_position": 1
  },
  "sidebar": "tutorialSidebar",
  "previous": {
    "title": "Translate your site",
    "permalink": "/cloud/aws/tutorial-extras/translate-your-site"
  },
  "next": {
    "title": "Create a Page",
    "permalink": "/cloud/azure/tutorial-basics/create-a-page"
  }
}