{
  "unversionedId": "tutorial-basics/congratulations",
  "id": "tutorial-basics/congratulations",
  "title": "Congratulations!",
  "description": "You have just learned the basics of Docusaurus and made some changes to the initial template.",
  "source": "@site/cloud/tutorial-basics/congratulations.md",
  "sourceDirName": "tutorial-basics",
  "slug": "/tutorial-basics/congratulations",
  "permalink": "/cloud/tutorial-basics/congratulations",
  "tags": [],
  "version": "current",
  "sidebarPosition": 6,
  "frontMatter": {
    "sidebar_position": 6
  },
  "sidebar": "tutorialSidebar",
  "previous": {
    "title": "Deploy your site",
    "permalink": "/cloud/tutorial-basics/deploy-your-site"
  },
  "next": {
    "title": "Manage Docs Versions",
    "permalink": "/cloud/tutorial-extras/manage-docs-versions"
  }
}