{
  "unversionedId": "aws/tutorial-extras/translate-your-site",
  "id": "aws/tutorial-extras/translate-your-site",
  "title": "Translate your site",
  "description": "Let's translate docs/intro.md to French.",
  "source": "@site/cloud/aws/tutorial-extras/translate-your-site.md",
  "sourceDirName": "aws/tutorial-extras",
  "slug": "/aws/tutorial-extras/translate-your-site",
  "permalink": "/cloud/aws/tutorial-extras/translate-your-site",
  "tags": [],
  "version": "current",
  "sidebarPosition": 2,
  "frontMatter": {
    "sidebar_position": 2
  },
  "sidebar": "tutorialSidebar",
  "previous": {
    "title": "Manage Docs Versions",
    "permalink": "/cloud/aws/tutorial-extras/manage-docs-versions"
  },
  "next": {
    "title": "Tutorial Intro",
    "permalink": "/cloud/azure/intro"
  }
}