{
  "unversionedId": "aws/tutorial-basics/create-a-blog-post",
  "id": "aws/tutorial-basics/create-a-blog-post",
  "title": "Create a Blog Post",
  "description": "Docusaurus creates a page for each blog post, but also a blog index page, a tag system, an RSS feed...",
  "source": "@site/cloud/aws/tutorial-basics/create-a-blog-post.md",
  "sourceDirName": "aws/tutorial-basics",
  "slug": "/aws/tutorial-basics/create-a-blog-post",
  "permalink": "/cloud/aws/tutorial-basics/create-a-blog-post",
  "tags": [],
  "version": "current",
  "sidebarPosition": 3,
  "frontMatter": {
    "sidebar_position": 3
  },
  "sidebar": "tutorialSidebar",
  "previous": {
    "title": "Create a Document",
    "permalink": "/cloud/aws/tutorial-basics/create-a-document"
  },
  "next": {
    "title": "Markdown Features",
    "permalink": "/cloud/aws/tutorial-basics/markdown-features"
  }
}