{
  "unversionedId": "azure/tutorial-basics/create-a-document",
  "id": "azure/tutorial-basics/create-a-document",
  "title": "Create a Document",
  "description": "Documents are groups of pages connected through:",
  "source": "@site/cloud/azure/tutorial-basics/create-a-document.md",
  "sourceDirName": "azure/tutorial-basics",
  "slug": "/azure/tutorial-basics/create-a-document",
  "permalink": "/cloud/azure/tutorial-basics/create-a-document",
  "tags": [],
  "version": "current",
  "sidebarPosition": 2,
  "frontMatter": {
    "sidebar_position": 2
  },
  "sidebar": "tutorialSidebar",
  "previous": {
    "title": "Create a Page",
    "permalink": "/cloud/azure/tutorial-basics/create-a-page"
  },
  "next": {
    "title": "Create a Blog Post",
    "permalink": "/cloud/azure/tutorial-basics/create-a-blog-post"
  }
}