{
  "unversionedId": "tutorial-basics/deploy-your-site",
  "id": "tutorial-basics/deploy-your-site",
  "title": "Deploy your site",
  "description": "Docusaurus is a static-site-generator (also called Jamstack).",
  "source": "@site/docs-api/tutorial01/tutorial-basics/deploy-your-site.md",
  "sourceDirName": "tutorial-basics",
  "slug": "/tutorial-basics/deploy-your-site",
  "permalink": "/docs-api/tutorial01/tutorial-basics/deploy-your-site",
  "tags": [],
  "version": "current",
  "sidebarPosition": 5,
  "frontMatter": {
    "sidebar_position": 5
  }
}