{
  "unversionedId": "tutorial-basics/create-a-blog-post",
  "id": "tutorial-basics/create-a-blog-post",
  "title": "Create a Blog Post",
  "description": "Docusaurus creates a page for each blog post, but also a blog index page, a tag system, an RSS feed...",
  "source": "@site/docs-api/tutorial01/tutorial-basics/create-a-blog-post.md",
  "sourceDirName": "tutorial-basics",
  "slug": "/tutorial-basics/create-a-blog-post",
  "permalink": "/docs-api/tutorial01/tutorial-basics/create-a-blog-post",
  "tags": [],
  "version": "current",
  "sidebarPosition": 3,
  "frontMatter": {
    "sidebar_position": 3
  }
}