{
  "unversionedId": "python/intro",
  "id": "python/intro",
  "title": "Tutorial Intro",
  "description": "From Tutorial 01",
  "source": "@site/programming/python/intro.md",
  "sourceDirName": "python",
  "slug": "/python/intro",
  "permalink": "/programming/python/intro",
  "tags": [],
  "version": "current",
  "sidebarPosition": 1,
  "frontMatter": {
    "sidebar_position": 1
  },
  "sidebar": "tutorialSidebar",
  "previous": {
    "title": "Translate your site",
    "permalink": "/programming/javascript/tutorial-extras/translate-your-site"
  },
  "next": {
    "title": "Create a Page",
    "permalink": "/programming/python/tutorial-basics/create-a-page"
  }
}