{
  "unversionedId": "javascript/intro",
  "id": "javascript/intro",
  "title": "Tutorial Intro",
  "description": "From Tutorial 01",
  "source": "@site/programming/javascript/intro.md",
  "sourceDirName": "javascript",
  "slug": "/javascript/intro",
  "permalink": "/programming/javascript/intro",
  "tags": [],
  "version": "current",
  "sidebarPosition": 1,
  "frontMatter": {
    "sidebar_position": 1
  },
  "sidebar": "tutorialSidebar",
  "previous": {
    "title": "Intro",
    "permalink": "/programming/intro"
  },
  "next": {
    "title": "Create a Page",
    "permalink": "/programming/javascript/tutorial-basics/create-a-page"
  }
}