{
  "unversionedId": "python/tutorial-extras/translate-your-site",
  "id": "python/tutorial-extras/translate-your-site",
  "title": "Translate your site",
  "description": "Let's translate docs/intro.md to French.",
  "source": "@site/programming/python/tutorial-extras/translate-your-site.md",
  "sourceDirName": "python/tutorial-extras",
  "slug": "/python/tutorial-extras/translate-your-site",
  "permalink": "/programming/python/tutorial-extras/translate-your-site",
  "tags": [],
  "version": "current",
  "sidebarPosition": 2,
  "frontMatter": {
    "sidebar_position": 2
  },
  "sidebar": "tutorialSidebar",
  "previous": {
    "title": "Manage Docs Versions",
    "permalink": "/programming/python/tutorial-extras/manage-docs-versions"
  }
}