{
  "docusaurus-plugin-content-docs": {
    "default": {
      "path": "/docs",
      "versions": [
        {
          "name": "current",
          "label": "Next",
          "isLast": true,
          "path": "/docs",
          "mainDocId": "intro",
          "docs": [
            {
              "id": "intro",
              "path": "/docs/intro",
              "sidebar": "tutorialSidebar"
            },
            {
              "id": "tutorial-01/desc",
              "path": "/docs/tutorial-01/desc",
              "sidebar": "tutorialSidebar"
            },
            {
              "id": "tutorial-01/tutorial01",
              "path": "/docs/tutorial-01/tutorial01",
              "sidebar": "tutorialSidebar"
            },
            {
              "id": "tutorial-basics/congratulations",
              "path": "/docs/tutorial-basics/congratulations",
              "sidebar": "tutorialSidebar"
            },
            {
              "id": "tutorial-basics/create-a-blog-post",
              "path": "/docs/tutorial-basics/create-a-blog-post",
              "sidebar": "tutorialSidebar"
            },
            {
              "id": "tutorial-basics/create-a-document",
              "path": "/docs/tutorial-basics/create-a-document",
              "sidebar": "tutorialSidebar"
            },
            {
              "id": "tutorial-basics/create-a-page",
              "path": "/docs/tutorial-basics/create-a-page",
              "sidebar": "tutorialSidebar"
            },
            {
              "id": "tutorial-basics/deploy-your-site",
              "path": "/docs/tutorial-basics/deploy-your-site",
              "sidebar": "tutorialSidebar"
            },
            {
              "id": "tutorial-basics/markdown-features",
              "path": "/docs/tutorial-basics/markdown-features",
              "sidebar": "tutorialSidebar"
            },
            {
              "id": "tutorial-extras/manage-docs-versions",
              "path": "/docs/tutorial-extras/manage-docs-versions",
              "sidebar": "tutorialSidebar"
            },
            {
              "id": "tutorial-extras/translate-your-site",
              "path": "/docs/tutorial-extras/translate-your-site",
              "sidebar": "tutorialSidebar"
            }
          ]
        }
      ]
    },
    "programming": {
      "path": "/programming",
      "versions": [
        {
          "name": "current",
          "label": "Next",
          "isLast": true,
          "path": "/programming",
          "mainDocId": "intro",
          "docs": [
            {
              "id": "intro",
              "path": "/programming/intro",
              "sidebar": "tutorialSidebar"
            },
            {
              "id": "javascript/intro",
              "path": "/programming/javascript/intro",
              "sidebar": "tutorialSidebar"
            },
            {
              "id": "javascript/tutorial-basics/congratulations",
              "path": "/programming/javascript/tutorial-basics/congratulations",
              "sidebar": "tutorialSidebar"
            },
            {
              "id": "javascript/tutorial-basics/create-a-blog-post",
              "path": "/programming/javascript/tutorial-basics/create-a-blog-post",
              "sidebar": "tutorialSidebar"
            },
            {
              "id": "javascript/tutorial-basics/create-a-document",
              "path": "/programming/javascript/tutorial-basics/create-a-document",
              "sidebar": "tutorialSidebar"
            },
            {
              "id": "javascript/tutorial-basics/create-a-page",
              "path": "/programming/javascript/tutorial-basics/create-a-page",
              "sidebar": "tutorialSidebar"
            },
            {
              "id": "javascript/tutorial-basics/deploy-your-site",
              "path": "/programming/javascript/tutorial-basics/deploy-your-site",
              "sidebar": "tutorialSidebar"
            },
            {
              "id": "javascript/tutorial-basics/markdown-features",
              "path": "/programming/javascript/tutorial-basics/markdown-features",
              "sidebar": "tutorialSidebar"
            },
            {
              "id": "javascript/tutorial-extras/manage-docs-versions",
              "path": "/programming/javascript/tutorial-extras/manage-docs-versions",
              "sidebar": "tutorialSidebar"
            },
            {
              "id": "javascript/tutorial-extras/translate-your-site",
              "path": "/programming/javascript/tutorial-extras/translate-your-site",
              "sidebar": "tutorialSidebar"
            },
            {
              "id": "python/intro",
              "path": "/programming/python/intro",
              "sidebar": "tutorialSidebar"
            },
            {
              "id": "python/tutorial-basics/congratulations",
              "path": "/programming/python/tutorial-basics/congratulations",
              "sidebar": "tutorialSidebar"
            },
            {
              "id": "python/tutorial-basics/create-a-blog-post",
              "path": "/programming/python/tutorial-basics/create-a-blog-post",
              "sidebar": "tutorialSidebar"
            },
            {
              "id": "python/tutorial-basics/create-a-document",
              "path": "/programming/python/tutorial-basics/create-a-document",
              "sidebar": "tutorialSidebar"
            },
            {
              "id": "python/tutorial-basics/create-a-page",
              "path": "/programming/python/tutorial-basics/create-a-page",
              "sidebar": "tutorialSidebar"
            },
            {
              "id": "python/tutorial-basics/deploy-your-site",
              "path": "/programming/python/tutorial-basics/deploy-your-site",
              "sidebar": "tutorialSidebar"
            },
            {
              "id": "python/tutorial-basics/markdown-features",
              "path": "/programming/python/tutorial-basics/markdown-features",
              "sidebar": "tutorialSidebar"
            },
            {
              "id": "python/tutorial-extras/manage-docs-versions",
              "path": "/programming/python/tutorial-extras/manage-docs-versions",
              "sidebar": "tutorialSidebar"
            },
            {
              "id": "python/tutorial-extras/translate-your-site",
              "path": "/programming/python/tutorial-extras/translate-your-site",
              "sidebar": "tutorialSidebar"
            }
          ]
        }
      ]
    },
    "devops": {
      "path": "/devops",
      "versions": [
        {
          "name": "current",
          "label": "Next",
          "isLast": true,
          "path": "/devops",
          "mainDocId": "intro",
          "docs": [
            {
              "id": "configure/intro",
              "path": "/devops/configure/intro",
              "sidebar": "tutorialSidebar"
            },
            {
              "id": "configure/tutorial-basics/congratulations",
              "path": "/devops/configure/tutorial-basics/congratulations",
              "sidebar": "tutorialSidebar"
            },
            {
              "id": "configure/tutorial-basics/create-a-blog-post",
              "path": "/devops/configure/tutorial-basics/create-a-blog-post",
              "sidebar": "tutorialSidebar"
            },
            {
              "id": "configure/tutorial-basics/create-a-document",
              "path": "/devops/configure/tutorial-basics/create-a-document",
              "sidebar": "tutorialSidebar"
            },
            {
              "id": "configure/tutorial-basics/create-a-page",
              "path": "/devops/configure/tutorial-basics/create-a-page",
              "sidebar": "tutorialSidebar"
            },
            {
              "id": "configure/tutorial-basics/deploy-your-site",
              "path": "/devops/configure/tutorial-basics/deploy-your-site",
              "sidebar": "tutorialSidebar"
            },
            {
              "id": "configure/tutorial-basics/markdown-features",
              "path": "/devops/configure/tutorial-basics/markdown-features",
              "sidebar": "tutorialSidebar"
            },
            {
              "id": "configure/tutorial-extras/manage-docs-versions",
              "path": "/devops/configure/tutorial-extras/manage-docs-versions",
              "sidebar": "tutorialSidebar"
            },
            {
              "id": "configure/tutorial-extras/translate-your-site",
              "path": "/devops/configure/tutorial-extras/translate-your-site",
              "sidebar": "tutorialSidebar"
            },
            {
              "id": "integration/intro",
              "path": "/devops/integration/intro",
              "sidebar": "tutorialSidebar"
            },
            {
              "id": "integration/tutorial-basics/congratulations",
              "path": "/devops/integration/tutorial-basics/congratulations",
              "sidebar": "tutorialSidebar"
            },
            {
              "id": "integration/tutorial-basics/create-a-blog-post",
              "path": "/devops/integration/tutorial-basics/create-a-blog-post",
              "sidebar": "tutorialSidebar"
            },
            {
              "id": "integration/tutorial-basics/create-a-document",
              "path": "/devops/integration/tutorial-basics/create-a-document",
              "sidebar": "tutorialSidebar"
            },
            {
              "id": "integration/tutorial-basics/create-a-page",
              "path": "/devops/integration/tutorial-basics/create-a-page",
              "sidebar": "tutorialSidebar"
            },
            {
              "id": "integration/tutorial-basics/deploy-your-site",
              "path": "/devops/integration/tutorial-basics/deploy-your-site",
              "sidebar": "tutorialSidebar"
            },
            {
              "id": "integration/tutorial-basics/markdown-features",
              "path": "/devops/integration/tutorial-basics/markdown-features",
              "sidebar": "tutorialSidebar"
            },
            {
              "id": "integration/tutorial-extras/manage-docs-versions",
              "path": "/devops/integration/tutorial-extras/manage-docs-versions",
              "sidebar": "tutorialSidebar"
            },
            {
              "id": "integration/tutorial-extras/translate-your-site",
              "path": "/devops/integration/tutorial-extras/translate-your-site",
              "sidebar": "tutorialSidebar"
            },
            {
              "id": "intro",
              "path": "/devops/intro",
              "sidebar": "tutorialSidebar"
            },
            {
              "id": "testing/intro",
              "path": "/devops/testing/intro",
              "sidebar": "tutorialSidebar"
            },
            {
              "id": "testing/tutorial-basics/congratulations",
              "path": "/devops/testing/tutorial-basics/congratulations",
              "sidebar": "tutorialSidebar"
            },
            {
              "id": "testing/tutorial-basics/create-a-blog-post",
              "path": "/devops/testing/tutorial-basics/create-a-blog-post",
              "sidebar": "tutorialSidebar"
            },
            {
              "id": "testing/tutorial-basics/create-a-document",
              "path": "/devops/testing/tutorial-basics/create-a-document",
              "sidebar": "tutorialSidebar"
            },
            {
              "id": "testing/tutorial-basics/create-a-page",
              "path": "/devops/testing/tutorial-basics/create-a-page",
              "sidebar": "tutorialSidebar"
            },
            {
              "id": "testing/tutorial-basics/deploy-your-site",
              "path": "/devops/testing/tutorial-basics/deploy-your-site",
              "sidebar": "tutorialSidebar"
            },
            {
              "id": "testing/tutorial-basics/markdown-features",
              "path": "/devops/testing/tutorial-basics/markdown-features",
              "sidebar": "tutorialSidebar"
            },
            {
              "id": "testing/tutorial-extras/manage-docs-versions",
              "path": "/devops/testing/tutorial-extras/manage-docs-versions",
              "sidebar": "tutorialSidebar"
            },
            {
              "id": "testing/tutorial-extras/translate-your-site",
              "path": "/devops/testing/tutorial-extras/translate-your-site",
              "sidebar": "tutorialSidebar"
            }
          ]
        }
      ]
    },
    "cloud": {
      "path": "/cloud",
      "versions": [
        {
          "name": "current",
          "label": "Next",
          "isLast": true,
          "path": "/cloud",
          "mainDocId": "intro",
          "docs": [
            {
              "id": "aws/intro",
              "path": "/cloud/aws/intro",
              "sidebar": "tutorialSidebar"
            },
            {
              "id": "aws/tutorial-basics/congratulations",
              "path": "/cloud/aws/tutorial-basics/congratulations",
              "sidebar": "tutorialSidebar"
            },
            {
              "id": "aws/tutorial-basics/create-a-blog-post",
              "path": "/cloud/aws/tutorial-basics/create-a-blog-post",
              "sidebar": "tutorialSidebar"
            },
            {
              "id": "aws/tutorial-basics/create-a-document",
              "path": "/cloud/aws/tutorial-basics/create-a-document",
              "sidebar": "tutorialSidebar"
            },
            {
              "id": "aws/tutorial-basics/create-a-page",
              "path": "/cloud/aws/tutorial-basics/create-a-page",
              "sidebar": "tutorialSidebar"
            },
            {
              "id": "aws/tutorial-basics/deploy-your-site",
              "path": "/cloud/aws/tutorial-basics/deploy-your-site",
              "sidebar": "tutorialSidebar"
            },
            {
              "id": "aws/tutorial-basics/markdown-features",
              "path": "/cloud/aws/tutorial-basics/markdown-features",
              "sidebar": "tutorialSidebar"
            },
            {
              "id": "aws/tutorial-extras/manage-docs-versions",
              "path": "/cloud/aws/tutorial-extras/manage-docs-versions",
              "sidebar": "tutorialSidebar"
            },
            {
              "id": "aws/tutorial-extras/translate-your-site",
              "path": "/cloud/aws/tutorial-extras/translate-your-site",
              "sidebar": "tutorialSidebar"
            },
            {
              "id": "azure/intro",
              "path": "/cloud/azure/intro",
              "sidebar": "tutorialSidebar"
            },
            {
              "id": "azure/tutorial-basics/congratulations",
              "path": "/cloud/azure/tutorial-basics/congratulations",
              "sidebar": "tutorialSidebar"
            },
            {
              "id": "azure/tutorial-basics/create-a-blog-post",
              "path": "/cloud/azure/tutorial-basics/create-a-blog-post",
              "sidebar": "tutorialSidebar"
            },
            {
              "id": "azure/tutorial-basics/create-a-document",
              "path": "/cloud/azure/tutorial-basics/create-a-document",
              "sidebar": "tutorialSidebar"
            },
            {
              "id": "azure/tutorial-basics/create-a-page",
              "path": "/cloud/azure/tutorial-basics/create-a-page",
              "sidebar": "tutorialSidebar"
            },
            {
              "id": "azure/tutorial-basics/deploy-your-site",
              "path": "/cloud/azure/tutorial-basics/deploy-your-site",
              "sidebar": "tutorialSidebar"
            },
            {
              "id": "azure/tutorial-basics/markdown-features",
              "path": "/cloud/azure/tutorial-basics/markdown-features",
              "sidebar": "tutorialSidebar"
            },
            {
              "id": "azure/tutorial-extras/manage-docs-versions",
              "path": "/cloud/azure/tutorial-extras/manage-docs-versions",
              "sidebar": "tutorialSidebar"
            },
            {
              "id": "azure/tutorial-extras/translate-your-site",
              "path": "/cloud/azure/tutorial-extras/translate-your-site",
              "sidebar": "tutorialSidebar"
            },
            {
              "id": "google/intro",
              "path": "/cloud/google/intro",
              "sidebar": "tutorialSidebar"
            },
            {
              "id": "google/tutorial-basics/congratulations",
              "path": "/cloud/google/tutorial-basics/congratulations",
              "sidebar": "tutorialSidebar"
            },
            {
              "id": "google/tutorial-basics/create-a-blog-post",
              "path": "/cloud/google/tutorial-basics/create-a-blog-post",
              "sidebar": "tutorialSidebar"
            },
            {
              "id": "google/tutorial-basics/create-a-document",
              "path": "/cloud/google/tutorial-basics/create-a-document",
              "sidebar": "tutorialSidebar"
            },
            {
              "id": "google/tutorial-basics/create-a-page",
              "path": "/cloud/google/tutorial-basics/create-a-page",
              "sidebar": "tutorialSidebar"
            },
            {
              "id": "google/tutorial-basics/deploy-your-site",
              "path": "/cloud/google/tutorial-basics/deploy-your-site",
              "sidebar": "tutorialSidebar"
            },
            {
              "id": "google/tutorial-basics/markdown-features",
              "path": "/cloud/google/tutorial-basics/markdown-features",
              "sidebar": "tutorialSidebar"
            },
            {
              "id": "google/tutorial-extras/manage-docs-versions",
              "path": "/cloud/google/tutorial-extras/manage-docs-versions",
              "sidebar": "tutorialSidebar"
            },
            {
              "id": "google/tutorial-extras/translate-your-site",
              "path": "/cloud/google/tutorial-extras/translate-your-site",
              "sidebar": "tutorialSidebar"
            },
            {
              "id": "intro",
              "path": "/cloud/intro",
              "sidebar": "tutorialSidebar"
            }
          ]
        }
      ]
    }
  }
}