{
  "docusaurus-plugin-content-docs": {
    "default": {
      "path": "/docs",
      "versions": [
        {
          "name": "current",
          "label": "Next",
          "isLast": true,
          "path": "/docs",
          "mainDocId": "intro",
          "docs": [
            {
              "id": "intro",
              "path": "/docs/intro",
              "sidebar": "tutorialSidebar"
            },
            {
              "id": "tutorial-01/desc",
              "path": "/docs/tutorial-01/desc",
              "sidebar": "tutorialSidebar"
            },
            {
              "id": "tutorial-01/tutorial01",
              "path": "/docs/tutorial-01/tutorial01",
              "sidebar": "tutorialSidebar"
            },
            {
              "id": "tutorial-basics/congratulations",
              "path": "/docs/tutorial-basics/congratulations",
              "sidebar": "tutorialSidebar"
            },
            {
              "id": "tutorial-basics/create-a-blog-post",
              "path": "/docs/tutorial-basics/create-a-blog-post",
              "sidebar": "tutorialSidebar"
            },
            {
              "id": "tutorial-basics/create-a-document",
              "path": "/docs/tutorial-basics/create-a-document",
              "sidebar": "tutorialSidebar"
            },
            {
              "id": "tutorial-basics/create-a-page",
              "path": "/docs/tutorial-basics/create-a-page",
              "sidebar": "tutorialSidebar"
            },
            {
              "id": "tutorial-basics/deploy-your-site",
              "path": "/docs/tutorial-basics/deploy-your-site",
              "sidebar": "tutorialSidebar"
            },
            {
              "id": "tutorial-basics/markdown-features",
              "path": "/docs/tutorial-basics/markdown-features",
              "sidebar": "tutorialSidebar"
            },
            {
              "id": "tutorial-extras/manage-docs-versions",
              "path": "/docs/tutorial-extras/manage-docs-versions",
              "sidebar": "tutorialSidebar"
            },
            {
              "id": "tutorial-extras/translate-your-site",
              "path": "/docs/tutorial-extras/translate-your-site",
              "sidebar": "tutorialSidebar"
            }
          ]
        }
      ]
    },
    "docs-api": {
      "path": "/docs-api",
      "versions": [
        {
          "name": "current",
          "label": "Next",
          "isLast": true,
          "path": "/docs-api",
          "mainDocId": "intro",
          "docs": [
            {
              "id": "intro",
              "path": "/docs-api/intro",
              "sidebar": "tutorialSidebar"
            },
            {
              "id": "tutorial-basics/congratulations",
              "path": "/docs-api/tutorial-basics/congratulations",
              "sidebar": "tutorialSidebar"
            },
            {
              "id": "tutorial-basics/create-a-blog-post",
              "path": "/docs-api/tutorial-basics/create-a-blog-post",
              "sidebar": "tutorialSidebar"
            },
            {
              "id": "tutorial-basics/create-a-document",
              "path": "/docs-api/tutorial-basics/create-a-document",
              "sidebar": "tutorialSidebar"
            },
            {
              "id": "tutorial-basics/create-a-page",
              "path": "/docs-api/tutorial-basics/create-a-page",
              "sidebar": "tutorialSidebar"
            },
            {
              "id": "tutorial-basics/deploy-your-site",
              "path": "/docs-api/tutorial-basics/deploy-your-site",
              "sidebar": "tutorialSidebar"
            },
            {
              "id": "tutorial-basics/markdown-features",
              "path": "/docs-api/tutorial-basics/markdown-features",
              "sidebar": "tutorialSidebar"
            },
            {
              "id": "tutorial-extras/manage-docs-versions",
              "path": "/docs-api/tutorial-extras/manage-docs-versions",
              "sidebar": "tutorialSidebar"
            },
            {
              "id": "tutorial-extras/translate-your-site",
              "path": "/docs-api/tutorial-extras/translate-your-site",
              "sidebar": "tutorialSidebar"
            }
          ]
        }
      ]
    }
  }
}