{
  "/__docusaurus/debug-3d6": {
    "component": "component---theme-debug-config-23-a-2ff"
  },
  "/__docusaurus/debug/config-914": {
    "component": "component---theme-debug-config-23-a-2ff"
  },
  "/__docusaurus/debug/content-c28": {
    "component": "component---theme-debug-contentba-8-ce7",
    "allContent": "allContent---docusaurus-debug-content-246-9aa"
  },
  "/__docusaurus/debug/globalData-3cf": {
    "component": "component---theme-debug-global-dataede-0fa"
  },
  "/__docusaurus/debug/metadata-31b": {
    "component": "component---theme-debug-site-metadata-68-e-3d4"
  },
  "/__docusaurus/debug/registry-0da": {
    "component": "component---theme-debug-registry-679-501"
  },
  "/__docusaurus/debug/routes-244": {
    "component": "component---theme-debug-routes-946-699"
  },
  "/blog-520": {
    "component": "component---theme-blog-list-pagea-6-a-7ba",
    "sidebar": "sidebar---blog-814-8ac",
    "items": [
      {
        "content": "content---blog-766-e3c"
      },
      {
        "content": "content---blogf-4-f-cd7"
      },
      {
        "content": "content---blog-871-381"
      },
      {
        "content": "content---blog-925-e00"
      }
    ],
    "metadata": "metadata---blogb-2-b-df1"
  },
  "/blog/archive-f4c": {
    "component": "component---theme-blog-archive-page-9-e-4-1d8",
    "archive": "archive---blog-archiveb-2-f-393"
  },
  "/blog/first-blog-post-6c7": {
    "component": "component---theme-blog-post-pageccc-cab",
    "sidebar": "sidebar---blog-814-8ac",
    "content": "content---blog-first-blog-poste-27-4a1"
  },
  "/blog/long-blog-post-f06": {
    "component": "component---theme-blog-post-pageccc-cab",
    "sidebar": "sidebar---blog-814-8ac",
    "content": "content---blog-long-blog-post-736-bc7"
  },
  "/blog/mdx-blog-post-bee": {
    "component": "component---theme-blog-post-pageccc-cab",
    "sidebar": "sidebar---blog-814-8ac",
    "content": "content---blog-mdx-blog-post-593-37b"
  },
  "/blog/tags-e13": {
    "component": "component---theme-blog-tags-list-page-01-a-d0b",
    "sidebar": "sidebar---blog-814-8ac",
    "tags": "tags---blog-tagsa-70-da2"
  },
  "/blog/tags/docusaurus-ddf": {
    "component": "component---theme-blog-tags-posts-page-687-b6c",
    "sidebar": "sidebar---blog-814-8ac",
    "items": [
      {
        "content": "content---blog-766-e3c"
      },
      {
        "content": "content---blogf-4-f-cd7"
      },
      {
        "content": "content---blog-871-381"
      },
      {
        "content": "content---blog-925-e00"
      }
    ],
    "metadata": "metadata---blog-tags-docusaurusa-80-728"
  },
  "/blog/tags/facebook-ede": {
    "component": "component---theme-blog-tags-posts-page-687-b6c",
    "sidebar": "sidebar---blog-814-8ac",
    "items": [
      {
        "content": "content---blog-766-e3c"
      }
    ],
    "metadata": "metadata---blog-tags-facebook-031-c52"
  },
  "/blog/tags/hello-4c2": {
    "component": "component---theme-blog-tags-posts-page-687-b6c",
    "sidebar": "sidebar---blog-814-8ac",
    "items": [
      {
        "content": "content---blog-766-e3c"
      },
      {
        "content": "content---blog-871-381"
      }
    ],
    "metadata": "metadata---blog-tags-hello-30-a-bed"
  },
  "/blog/tags/hola-752": {
    "component": "component---theme-blog-tags-posts-page-687-b6c",
    "sidebar": "sidebar---blog-814-8ac",
    "items": [
      {
        "content": "content---blog-925-e00"
      }
    ],
    "metadata": "metadata---blog-tags-holae-16-18a"
  },
  "/blog/welcome-bfa": {
    "component": "component---theme-blog-post-pageccc-cab",
    "sidebar": "sidebar---blog-814-8ac",
    "content": "content---blog-welcomed-9-f-ffb"
  },
  "/contributor-4c4": {
    "component": "component---site-src-pages-contributor-js-467-9d2",
    "config": "config---contributor-5-e-9-2dd"
  },
  "/getting-started-696": {
    "component": "component---site-src-pages-getting-started-jsc-25-709",
    "config": "config---contributor-5-e-9-2dd"
  },
  "/markdown-page-be1": {
    "component": "component---theme-mdx-page-1-f-3-b90",
    "content": "content---markdown-page-393-028"
  },
  "/privacy-b45": {
    "component": "component---site-src-pages-privacy-jse-0-d-82a",
    "config": "config---contributor-5-e-9-2dd"
  },
  "/terms-of-services-568": {
    "component": "component---site-src-pages-terms-of-services-jsd-77-0ed",
    "config": "config---contributor-5-e-9-2dd"
  },
  "/cloud-a98": {
    "component": "component---theme-doc-page-1-be-9be",
    "versionMetadata": "versionMetadata---cloud-956-c23"
  },
  "/cloud/aws/intro-bec": {
    "component": "component---theme-doc-item-178-a40",
    "content": "content---cloud-aws-intro-117-1de"
  },
  "/cloud/aws/tutorial-basics/congratulations-272": {
    "component": "component---theme-doc-item-178-a40",
    "content": "content---cloud-aws-tutorial-basics-congratulations-451-367"
  },
  "/cloud/aws/tutorial-basics/create-a-blog-post-e49": {
    "component": "component---theme-doc-item-178-a40",
    "content": "content---cloud-aws-tutorial-basics-create-a-blog-post-5-fa-c51"
  },
  "/cloud/aws/tutorial-basics/create-a-document-bd5": {
    "component": "component---theme-doc-item-178-a40",
    "content": "content---cloud-aws-tutorial-basics-create-a-document-497-56e"
  },
  "/cloud/aws/tutorial-basics/create-a-page-4be": {
    "component": "component---theme-doc-item-178-a40",
    "content": "content---cloud-aws-tutorial-basics-create-a-page-1-a-6-827"
  },
  "/cloud/aws/tutorial-basics/deploy-your-site-572": {
    "component": "component---theme-doc-item-178-a40",
    "content": "content---cloud-aws-tutorial-basics-deploy-your-site-065-e5c"
  },
  "/cloud/aws/tutorial-basics/markdown-features-25f": {
    "component": "component---theme-doc-item-178-a40",
    "content": "content---cloud-aws-tutorial-basics-markdown-featuresc-8-f-ce9"
  },
  "/cloud/aws/tutorial-extras/manage-docs-versions-510": {
    "component": "component---theme-doc-item-178-a40",
    "content": "content---cloud-aws-tutorial-extras-manage-docs-versionse-15-8b4"
  },
  "/cloud/aws/tutorial-extras/translate-your-site-a5a": {
    "component": "component---theme-doc-item-178-a40",
    "content": "content---cloud-aws-tutorial-extras-translate-your-site-1-f-8-2a4"
  },
  "/cloud/azure/intro-d06": {
    "component": "component---theme-doc-item-178-a40",
    "content": "content---cloud-azure-intro-0-f-2-d32"
  },
  "/cloud/azure/tutorial-basics/congratulations-7b7": {
    "component": "component---theme-doc-item-178-a40",
    "content": "content---cloud-azure-tutorial-basics-congratulationsc-8-a-abe"
  },
  "/cloud/azure/tutorial-basics/create-a-blog-post-34f": {
    "component": "component---theme-doc-item-178-a40",
    "content": "content---cloud-azure-tutorial-basics-create-a-blog-post-92-c-d34"
  },
  "/cloud/azure/tutorial-basics/create-a-document-442": {
    "component": "component---theme-doc-item-178-a40",
    "content": "content---cloud-azure-tutorial-basics-create-a-document-001-8ba"
  },
  "/cloud/azure/tutorial-basics/create-a-page-1e6": {
    "component": "component---theme-doc-item-178-a40",
    "content": "content---cloud-azure-tutorial-basics-create-a-page-6-d-8-2fa"
  },
  "/cloud/azure/tutorial-basics/deploy-your-site-82a": {
    "component": "component---theme-doc-item-178-a40",
    "content": "content---cloud-azure-tutorial-basics-deploy-your-site-40-c-6f5"
  },
  "/cloud/azure/tutorial-basics/markdown-features-30f": {
    "component": "component---theme-doc-item-178-a40",
    "content": "content---cloud-azure-tutorial-basics-markdown-features-06-d-602"
  },
  "/cloud/azure/tutorial-extras/manage-docs-versions-2fc": {
    "component": "component---theme-doc-item-178-a40",
    "content": "content---cloud-azure-tutorial-extras-manage-docs-versions-68-f-565"
  },
  "/cloud/azure/tutorial-extras/translate-your-site-b87": {
    "component": "component---theme-doc-item-178-a40",
    "content": "content---cloud-azure-tutorial-extras-translate-your-site-534-718"
  },
  "/cloud/google/intro-2de": {
    "component": "component---theme-doc-item-178-a40",
    "content": "content---cloud-google-intro-73-d-3f9"
  },
  "/cloud/google/tutorial-basics/congratulations-942": {
    "component": "component---theme-doc-item-178-a40",
    "content": "content---cloud-google-tutorial-basics-congratulationsdd-0-72d"
  },
  "/cloud/google/tutorial-basics/create-a-blog-post-26e": {
    "component": "component---theme-doc-item-178-a40",
    "content": "content---cloud-google-tutorial-basics-create-a-blog-post-077-5b5"
  },
  "/cloud/google/tutorial-basics/create-a-document-6e2": {
    "component": "component---theme-doc-item-178-a40",
    "content": "content---cloud-google-tutorial-basics-create-a-document-270-ea6"
  },
  "/cloud/google/tutorial-basics/create-a-page-db6": {
    "component": "component---theme-doc-item-178-a40",
    "content": "content---cloud-google-tutorial-basics-create-a-pagedb-9-20d"
  },
  "/cloud/google/tutorial-basics/deploy-your-site-f72": {
    "component": "component---theme-doc-item-178-a40",
    "content": "content---cloud-google-tutorial-basics-deploy-your-site-6-fa-b69"
  },
  "/cloud/google/tutorial-basics/markdown-features-ff2": {
    "component": "component---theme-doc-item-178-a40",
    "content": "content---cloud-google-tutorial-basics-markdown-featuresa-0-f-191"
  },
  "/cloud/google/tutorial-extras/manage-docs-versions-471": {
    "component": "component---theme-doc-item-178-a40",
    "content": "content---cloud-google-tutorial-extras-manage-docs-versionsf-34-29e"
  },
  "/cloud/google/tutorial-extras/translate-your-site-0ac": {
    "component": "component---theme-doc-item-178-a40",
    "content": "content---cloud-google-tutorial-extras-translate-your-site-94-f-d73"
  },
  "/cloud/intro-a17": {
    "component": "component---theme-doc-item-178-a40",
    "content": "content---cloud-introdc-7-08f"
  },
  "/devops-f36": {
    "component": "component---theme-doc-page-1-be-9be",
    "versionMetadata": "versionMetadata---devops-1-de-a9a"
  },
  "/devops/configure/intro-b5f": {
    "component": "component---theme-doc-item-178-a40",
    "content": "content---devops-configure-intro-499-ab0"
  },
  "/devops/configure/tutorial-basics/congratulations-621": {
    "component": "component---theme-doc-item-178-a40",
    "content": "content---devops-configure-tutorial-basics-congratulations-30-c-450"
  },
  "/devops/configure/tutorial-basics/create-a-blog-post-da9": {
    "component": "component---theme-doc-item-178-a40",
    "content": "content---devops-configure-tutorial-basics-create-a-blog-post-13-b-c32"
  },
  "/devops/configure/tutorial-basics/create-a-document-04f": {
    "component": "component---theme-doc-item-178-a40",
    "content": "content---devops-configure-tutorial-basics-create-a-document-5-d-9-a54"
  },
  "/devops/configure/tutorial-basics/create-a-page-8e8": {
    "component": "component---theme-doc-item-178-a40",
    "content": "content---devops-configure-tutorial-basics-create-a-pageb-4-c-1a5"
  },
  "/devops/configure/tutorial-basics/deploy-your-site-258": {
    "component": "component---theme-doc-item-178-a40",
    "content": "content---devops-configure-tutorial-basics-deploy-your-site-055-16a"
  },
  "/devops/configure/tutorial-basics/markdown-features-41b": {
    "component": "component---theme-doc-item-178-a40",
    "content": "content---devops-configure-tutorial-basics-markdown-features-396-da4"
  },
  "/devops/configure/tutorial-extras/manage-docs-versions-bf8": {
    "component": "component---theme-doc-item-178-a40",
    "content": "content---devops-configure-tutorial-extras-manage-docs-versions-727-0d0"
  },
  "/devops/configure/tutorial-extras/translate-your-site-961": {
    "component": "component---theme-doc-item-178-a40",
    "content": "content---devops-configure-tutorial-extras-translate-your-sited-79-e69"
  },
  "/devops/integration/intro-847": {
    "component": "component---theme-doc-item-178-a40",
    "content": "content---devops-integration-intro-4-a-9-b79"
  },
  "/devops/integration/tutorial-basics/congratulations-f1b": {
    "component": "component---theme-doc-item-178-a40",
    "content": "content---devops-integration-tutorial-basics-congratulations-2-c-8-1ea"
  },
  "/devops/integration/tutorial-basics/create-a-blog-post-8fb": {
    "component": "component---theme-doc-item-178-a40",
    "content": "content---devops-integration-tutorial-basics-create-a-blog-post-935-1b3"
  },
  "/devops/integration/tutorial-basics/create-a-document-5b1": {
    "component": "component---theme-doc-item-178-a40",
    "content": "content---devops-integration-tutorial-basics-create-a-documente-52-4bc"
  },
  "/devops/integration/tutorial-basics/create-a-page-775": {
    "component": "component---theme-doc-item-178-a40",
    "content": "content---devops-integration-tutorial-basics-create-a-page-737-329"
  },
  "/devops/integration/tutorial-basics/deploy-your-site-345": {
    "component": "component---theme-doc-item-178-a40",
    "content": "content---devops-integration-tutorial-basics-deploy-your-sited-71-afc"
  },
  "/devops/integration/tutorial-basics/markdown-features-9d6": {
    "component": "component---theme-doc-item-178-a40",
    "content": "content---devops-integration-tutorial-basics-markdown-featuresd-7-d-628"
  },
  "/devops/integration/tutorial-extras/manage-docs-versions-e02": {
    "component": "component---theme-doc-item-178-a40",
    "content": "content---devops-integration-tutorial-extras-manage-docs-versionsea-9-ab5"
  },
  "/devops/integration/tutorial-extras/translate-your-site-b14": {
    "component": "component---theme-doc-item-178-a40",
    "content": "content---devops-integration-tutorial-extras-translate-your-site-91-d-7e7"
  },
  "/devops/intro-f5c": {
    "component": "component---theme-doc-item-178-a40",
    "content": "content---devops-introd-71-076"
  },
  "/devops/testing/intro-948": {
    "component": "component---theme-doc-item-178-a40",
    "content": "content---devops-testing-intro-38-c-804"
  },
  "/devops/testing/tutorial-basics/congratulations-236": {
    "component": "component---theme-doc-item-178-a40",
    "content": "content---devops-testing-tutorial-basics-congratulationsa-09-003"
  },
  "/devops/testing/tutorial-basics/create-a-blog-post-aa8": {
    "component": "component---theme-doc-item-178-a40",
    "content": "content---devops-testing-tutorial-basics-create-a-blog-post-5-ee-2e2"
  },
  "/devops/testing/tutorial-basics/create-a-document-e24": {
    "component": "component---theme-doc-item-178-a40",
    "content": "content---devops-testing-tutorial-basics-create-a-documentb-15-717"
  },
  "/devops/testing/tutorial-basics/create-a-page-57e": {
    "component": "component---theme-doc-item-178-a40",
    "content": "content---devops-testing-tutorial-basics-create-a-pageabd-e76"
  },
  "/devops/testing/tutorial-basics/deploy-your-site-ac8": {
    "component": "component---theme-doc-item-178-a40",
    "content": "content---devops-testing-tutorial-basics-deploy-your-site-1-bd-c35"
  },
  "/devops/testing/tutorial-basics/markdown-features-4ab": {
    "component": "component---theme-doc-item-178-a40",
    "content": "content---devops-testing-tutorial-basics-markdown-features-3-f-7-816"
  },
  "/devops/testing/tutorial-extras/manage-docs-versions-1b3": {
    "component": "component---theme-doc-item-178-a40",
    "content": "content---devops-testing-tutorial-extras-manage-docs-versionsbdb-c42"
  },
  "/devops/testing/tutorial-extras/translate-your-site-2df": {
    "component": "component---theme-doc-item-178-a40",
    "content": "content---devops-testing-tutorial-extras-translate-your-site-150-021"
  },
  "/docs-ccd": {
    "component": "component---theme-doc-page-1-be-9be",
    "versionMetadata": "versionMetadata---docs-935-398"
  },
  "/docs/intro-aed": {
    "component": "component---theme-doc-item-178-a40",
    "content": "content---docs-intro-0-e-3-be1"
  },
  "/docs/tutorial-01/desc-17b": {
    "component": "component---theme-doc-item-178-a40",
    "content": "content---docs-tutorial-01-desca-42-0cc"
  },
  "/docs/tutorial-01/tutorial01-df0": {
    "component": "component---theme-doc-item-178-a40",
    "content": "content---docs-tutorial-01-tutorial-01-b-44-95f"
  },
  "/docs/tutorial-basics/congratulations-793": {
    "component": "component---theme-doc-item-178-a40",
    "content": "content---docs-tutorial-basics-congratulations-822-958"
  },
  "/docs/tutorial-basics/create-a-blog-post-68e": {
    "component": "component---theme-doc-item-178-a40",
    "content": "content---docs-tutorial-basics-create-a-blog-post-533-e85"
  },
  "/docs/tutorial-basics/create-a-document-c2d": {
    "component": "component---theme-doc-item-178-a40",
    "content": "content---docs-tutorial-basics-create-a-document-1-e-4-078"
  },
  "/docs/tutorial-basics/create-a-page-f44": {
    "component": "component---theme-doc-item-178-a40",
    "content": "content---docs-tutorial-basics-create-a-page-5-c-8-e19"
  },
  "/docs/tutorial-basics/deploy-your-site-e46": {
    "component": "component---theme-doc-item-178-a40",
    "content": "content---docs-tutorial-basics-deploy-your-sitef-55-a3f"
  },
  "/docs/tutorial-basics/markdown-features-4b7": {
    "component": "component---theme-doc-item-178-a40",
    "content": "content---docs-tutorial-basics-markdown-features-18-c-a79"
  },
  "/docs/tutorial-extras/manage-docs-versions-fdd": {
    "component": "component---theme-doc-item-178-a40",
    "content": "content---docs-tutorial-extras-manage-docs-versionsdff-6d4"
  },
  "/docs/tutorial-extras/translate-your-site-2d7": {
    "component": "component---theme-doc-item-178-a40",
    "content": "content---docs-tutorial-extras-translate-your-sitee-44-ddf"
  },
  "/programming-070": {
    "component": "component---theme-doc-page-1-be-9be",
    "versionMetadata": "versionMetadata---programminga-9-e-576"
  },
  "/programming/intro-c52": {
    "component": "component---theme-doc-item-178-a40",
    "content": "content---programming-introd-6-b-a53"
  },
  "/programming/javascript/intro-4ad": {
    "component": "component---theme-doc-item-178-a40",
    "content": "content---programming-javascript-intro-02-c-989"
  },
  "/programming/javascript/tutorial-basics/congratulations-ef0": {
    "component": "component---theme-doc-item-178-a40",
    "content": "content---programming-javascript-tutorial-basics-congratulationsb-33-f3c"
  },
  "/programming/javascript/tutorial-basics/create-a-blog-post-6c3": {
    "component": "component---theme-doc-item-178-a40",
    "content": "content---programming-javascript-tutorial-basics-create-a-blog-post-259-d10"
  },
  "/programming/javascript/tutorial-basics/create-a-document-a31": {
    "component": "component---theme-doc-item-178-a40",
    "content": "content---programming-javascript-tutorial-basics-create-a-documentdeb-49c"
  },
  "/programming/javascript/tutorial-basics/create-a-page-dc7": {
    "component": "component---theme-doc-item-178-a40",
    "content": "content---programming-javascript-tutorial-basics-create-a-page-775-bba"
  },
  "/programming/javascript/tutorial-basics/deploy-your-site-396": {
    "component": "component---theme-doc-item-178-a40",
    "content": "content---programming-javascript-tutorial-basics-deploy-your-site-51-c-a25"
  },
  "/programming/javascript/tutorial-basics/markdown-features-80b": {
    "component": "component---theme-doc-item-178-a40",
    "content": "content---programming-javascript-tutorial-basics-markdown-featuresbcf-6c5"
  },
  "/programming/javascript/tutorial-extras/manage-docs-versions-e1d": {
    "component": "component---theme-doc-item-178-a40",
    "content": "content---programming-javascript-tutorial-extras-manage-docs-versions-75-d-235"
  },
  "/programming/javascript/tutorial-extras/translate-your-site-a94": {
    "component": "component---theme-doc-item-178-a40",
    "content": "content---programming-javascript-tutorial-extras-translate-your-siteabc-9fa"
  },
  "/programming/python/intro-3f7": {
    "component": "component---theme-doc-item-178-a40",
    "content": "content---programming-python-introb-86-2d8"
  },
  "/programming/python/tutorial-basics/congratulations-3da": {
    "component": "component---theme-doc-item-178-a40",
    "content": "content---programming-python-tutorial-basics-congratulations-667-ab9"
  },
  "/programming/python/tutorial-basics/create-a-blog-post-919": {
    "component": "component---theme-doc-item-178-a40",
    "content": "content---programming-python-tutorial-basics-create-a-blog-post-9-ea-bcc"
  },
  "/programming/python/tutorial-basics/create-a-document-127": {
    "component": "component---theme-doc-item-178-a40",
    "content": "content---programming-python-tutorial-basics-create-a-document-442-584"
  },
  "/programming/python/tutorial-basics/create-a-page-a56": {
    "component": "component---theme-doc-item-178-a40",
    "content": "content---programming-python-tutorial-basics-create-a-pagef-7-b-d3b"
  },
  "/programming/python/tutorial-basics/deploy-your-site-c6f": {
    "component": "component---theme-doc-item-178-a40",
    "content": "content---programming-python-tutorial-basics-deploy-your-site-380-9bb"
  },
  "/programming/python/tutorial-basics/markdown-features-1a3": {
    "component": "component---theme-doc-item-178-a40",
    "content": "content---programming-python-tutorial-basics-markdown-features-86-c-7e2"
  },
  "/programming/python/tutorial-extras/manage-docs-versions-a70": {
    "component": "component---theme-doc-item-178-a40",
    "content": "content---programming-python-tutorial-extras-manage-docs-versionse-3-f-cf0"
  },
  "/programming/python/tutorial-extras/translate-your-site-08e": {
    "component": "component---theme-doc-item-178-a40",
    "content": "content---programming-python-tutorial-extras-translate-your-site-198-419"
  },
  "/-deb": {
    "component": "component---site-src-pages-index-jsc-4-f-f99",
    "config": "config---contributor-5-e-9-2dd"
  }
}