{
  "/api-703": {
    "component": "48dcf387",
    "config": "5e9f5e1a"
  },
  "/blog-520": {
    "component": "a6aa9e1f",
    "sidebar": "814f3328",
    "items": [
      {
        "content": "7661071f"
      },
      {
        "content": "f4f34a3a"
      },
      {
        "content": "8717b14a"
      },
      {
        "content": "925b3f96"
      }
    ],
    "metadata": "b2b675dd"
  },
  "/blog/archive-f4c": {
    "component": "9e4087bc",
    "archive": "b2f554cd"
  },
  "/blog/first-blog-post-6c7": {
    "component": "ccc49370",
    "sidebar": "814f3328",
    "content": "e273c56f"
  },
  "/blog/long-blog-post-f06": {
    "component": "ccc49370",
    "sidebar": "814f3328",
    "content": "73664a40"
  },
  "/blog/mdx-blog-post-bee": {
    "component": "ccc49370",
    "sidebar": "814f3328",
    "content": "59362658"
  },
  "/blog/tags-e13": {
    "component": "01a85c17",
    "sidebar": "814f3328",
    "tags": "a7023ddc"
  },
  "/blog/tags/docusaurus-ddf": {
    "component": "6875c492",
    "sidebar": "814f3328",
    "items": [
      {
        "content": "7661071f"
      },
      {
        "content": "f4f34a3a"
      },
      {
        "content": "8717b14a"
      },
      {
        "content": "925b3f96"
      }
    ],
    "metadata": "a80da1cf"
  },
  "/blog/tags/facebook-ede": {
    "component": "6875c492",
    "sidebar": "814f3328",
    "items": [
      {
        "content": "7661071f"
      }
    ],
    "metadata": "031793e1"
  },
  "/blog/tags/hello-4c2": {
    "component": "6875c492",
    "sidebar": "814f3328",
    "items": [
      {
        "content": "7661071f"
      },
      {
        "content": "8717b14a"
      }
    ],
    "metadata": "30a24c52"
  },
  "/blog/tags/hola-752": {
    "component": "6875c492",
    "sidebar": "814f3328",
    "items": [
      {
        "content": "925b3f96"
      }
    ],
    "metadata": "e16015ca"
  },
  "/blog/welcome-bfa": {
    "component": "ccc49370",
    "sidebar": "814f3328",
    "content": "d9f32620"
  },
  "/docs/tutorial1-109": {
    "component": "1f391b9e",
    "content": "172b1ddb"
  },
  "/markdown-page-be1": {
    "component": "1f391b9e",
    "content": "393be207"
  },
  "/docs-ccd": {
    "component": "1be78505",
    "versionMetadata": "935f2afb"
  },
  "/docs/intro-aed": {
    "component": "17896441",
    "content": "0e384e19"
  },
  "/docs/tutorial-01/desc-17b": {
    "component": "17896441",
    "content": "a42aad23"
  },
  "/docs/tutorial-01/tutorial01-df0": {
    "component": "17896441",
    "content": "b44c5a17"
  },
  "/docs/tutorial-basics/congratulations-793": {
    "component": "17896441",
    "content": "822bd8ab"
  },
  "/docs/tutorial-basics/create-a-blog-post-68e": {
    "component": "17896441",
    "content": "533a09ca"
  },
  "/docs/tutorial-basics/create-a-document-c2d": {
    "component": "17896441",
    "content": "1e4232ab"
  },
  "/docs/tutorial-basics/create-a-page-f44": {
    "component": "17896441",
    "content": "5c868d36"
  },
  "/docs/tutorial-basics/deploy-your-site-e46": {
    "component": "17896441",
    "content": "f55d3e7a"
  },
  "/docs/tutorial-basics/markdown-features-4b7": {
    "component": "17896441",
    "content": "18c41134"
  },
  "/docs/tutorial-extras/manage-docs-versions-fdd": {
    "component": "17896441",
    "content": "dff1c289"
  },
  "/docs/tutorial-extras/translate-your-site-2d7": {
    "component": "17896441",
    "content": "e44a2883"
  },
  "/docs-api-8ea": {
    "component": "1be78505",
    "versionMetadata": "b0dee9b0"
  },
  "/docs-api/intro-1b0": {
    "component": "17896441",
    "content": "37030765"
  },
  "/docs-api/tutorial-basics/congratulations-414": {
    "component": "17896441",
    "content": "6a7a3b86"
  },
  "/docs-api/tutorial-basics/create-a-blog-post-fee": {
    "component": "17896441",
    "content": "456b6859"
  },
  "/docs-api/tutorial-basics/create-a-document-dca": {
    "component": "17896441",
    "content": "1897b200"
  },
  "/docs-api/tutorial-basics/create-a-page-d2a": {
    "component": "17896441",
    "content": "3ab1fb0b"
  },
  "/docs-api/tutorial-basics/deploy-your-site-ad9": {
    "component": "17896441",
    "content": "0f021637"
  },
  "/docs-api/tutorial-basics/markdown-features-ba4": {
    "component": "17896441",
    "content": "59c6fa05"
  },
  "/docs-api/tutorial-extras/manage-docs-versions-78c": {
    "component": "17896441",
    "content": "130e2d1d"
  },
  "/docs-api/tutorial-extras/translate-your-site-042": {
    "component": "17896441",
    "content": "cbc3f829"
  },
  "/-deb": {
    "component": "c4f5d8e4",
    "config": "5e9f5e1a"
  }
}