{
  "/blog-520": {
    "component": "a6aa9e1f",
    "sidebar": "814f3328",
    "items": [
      {
        "content": "7661071f"
      },
      {
        "content": "f4f34a3a"
      },
      {
        "content": "8717b14a"
      },
      {
        "content": "925b3f96"
      }
    ],
    "metadata": "b2b675dd"
  },
  "/blog/archive-f4c": {
    "component": "9e4087bc",
    "archive": "b2f554cd"
  },
  "/blog/first-blog-post-6c7": {
    "component": "ccc49370",
    "sidebar": "814f3328",
    "content": "e273c56f"
  },
  "/blog/long-blog-post-f06": {
    "component": "ccc49370",
    "sidebar": "814f3328",
    "content": "73664a40"
  },
  "/blog/mdx-blog-post-bee": {
    "component": "ccc49370",
    "sidebar": "814f3328",
    "content": "59362658"
  },
  "/blog/tags-e13": {
    "component": "01a85c17",
    "sidebar": "814f3328",
    "tags": "a7023ddc"
  },
  "/blog/tags/docusaurus-ddf": {
    "component": "6875c492",
    "sidebar": "814f3328",
    "items": [
      {
        "content": "7661071f"
      },
      {
        "content": "f4f34a3a"
      },
      {
        "content": "8717b14a"
      },
      {
        "content": "925b3f96"
      }
    ],
    "metadata": "a80da1cf"
  },
  "/blog/tags/facebook-ede": {
    "component": "6875c492",
    "sidebar": "814f3328",
    "items": [
      {
        "content": "7661071f"
      }
    ],
    "metadata": "031793e1"
  },
  "/blog/tags/hello-4c2": {
    "component": "6875c492",
    "sidebar": "814f3328",
    "items": [
      {
        "content": "7661071f"
      },
      {
        "content": "8717b14a"
      }
    ],
    "metadata": "30a24c52"
  },
  "/blog/tags/hola-752": {
    "component": "6875c492",
    "sidebar": "814f3328",
    "items": [
      {
        "content": "925b3f96"
      }
    ],
    "metadata": "e16015ca"
  },
  "/blog/welcome-bfa": {
    "component": "ccc49370",
    "sidebar": "814f3328",
    "content": "d9f32620"
  },
  "/contributor-4c4": {
    "component": "467e91c8",
    "config": "5e9f5e1a"
  },
  "/getting-started-696": {
    "component": "c251101b",
    "config": "5e9f5e1a"
  },
  "/markdown-page-be1": {
    "component": "1f391b9e",
    "content": "393be207"
  },
  "/privacy-b45": {
    "component": "e0d07498",
    "config": "5e9f5e1a"
  },
  "/search-79a": {
    "component": "1a4e3797"
  },
  "/terms-of-services-568": {
    "component": "d7723b85",
    "config": "5e9f5e1a"
  },
  "/cloud-a98": {
    "component": "1be78505",
    "versionMetadata": "95619918"
  },
  "/cloud/aws/intro-bec": {
    "component": "17896441",
    "content": "117062ea"
  },
  "/cloud/aws/tutorial-basics/congratulations-272": {
    "component": "17896441",
    "content": "451637c8"
  },
  "/cloud/aws/tutorial-basics/create-a-blog-post-e49": {
    "component": "17896441",
    "content": "5faa74e7"
  },
  "/cloud/aws/tutorial-basics/create-a-document-bd5": {
    "component": "17896441",
    "content": "49769b73"
  },
  "/cloud/aws/tutorial-basics/create-a-page-4be": {
    "component": "17896441",
    "content": "1a62d792"
  },
  "/cloud/aws/tutorial-basics/deploy-your-site-572": {
    "component": "17896441",
    "content": "06543e3a"
  },
  "/cloud/aws/tutorial-basics/markdown-features-25f": {
    "component": "17896441",
    "content": "c8f1f188"
  },
  "/cloud/aws/tutorial-extras/manage-docs-versions-510": {
    "component": "17896441",
    "content": "e1508f5c"
  },
  "/cloud/aws/tutorial-extras/translate-your-site-a5a": {
    "component": "17896441",
    "content": "1f8a165b"
  },
  "/cloud/azure/intro-d06": {
    "component": "17896441",
    "content": "0f2c0725"
  },
  "/cloud/azure/tutorial-basics/congratulations-7b7": {
    "component": "17896441",
    "content": "c8a56a55"
  },
  "/cloud/azure/tutorial-basics/create-a-blog-post-34f": {
    "component": "17896441",
    "content": "92c391e7"
  },
  "/cloud/azure/tutorial-basics/create-a-document-442": {
    "component": "17896441",
    "content": "001f8589"
  },
  "/cloud/azure/tutorial-basics/create-a-page-1e6": {
    "component": "17896441",
    "content": "6d8d6d03"
  },
  "/cloud/azure/tutorial-basics/deploy-your-site-82a": {
    "component": "17896441",
    "content": "40c4cd7e"
  },
  "/cloud/azure/tutorial-basics/markdown-features-30f": {
    "component": "17896441",
    "content": "06d5c75d"
  },
  "/cloud/azure/tutorial-extras/manage-docs-versions-2fc": {
    "component": "17896441",
    "content": "68fe8c30"
  },
  "/cloud/azure/tutorial-extras/translate-your-site-b87": {
    "component": "17896441",
    "content": "5345ba9d"
  },
  "/cloud/google/intro-2de": {
    "component": "17896441",
    "content": "73d48425"
  },
  "/cloud/google/tutorial-basics/congratulations-942": {
    "component": "17896441",
    "content": "dd04c89c"
  },
  "/cloud/google/tutorial-basics/create-a-blog-post-26e": {
    "component": "17896441",
    "content": "0774cb95"
  },
  "/cloud/google/tutorial-basics/create-a-document-6e2": {
    "component": "17896441",
    "content": "2709ecbe"
  },
  "/cloud/google/tutorial-basics/create-a-page-db6": {
    "component": "17896441",
    "content": "db92193d"
  },
  "/cloud/google/tutorial-basics/deploy-your-site-f72": {
    "component": "17896441",
    "content": "6fa4e125"
  },
  "/cloud/google/tutorial-basics/markdown-features-ff2": {
    "component": "17896441",
    "content": "a0f07a4e"
  },
  "/cloud/google/tutorial-extras/manage-docs-versions-471": {
    "component": "17896441",
    "content": "f34c0231"
  },
  "/cloud/google/tutorial-extras/translate-your-site-0ac": {
    "component": "17896441",
    "content": "94f4e3d2"
  },
  "/cloud/intro-a17": {
    "component": "17896441",
    "content": "dc773522"
  },
  "/devops-f36": {
    "component": "1be78505",
    "versionMetadata": "1de2b5b8"
  },
  "/devops/configure/intro-b5f": {
    "component": "17896441",
    "content": "4994af83"
  },
  "/devops/configure/tutorial-basics/congratulations-621": {
    "component": "17896441",
    "content": "30c4e201"
  },
  "/devops/configure/tutorial-basics/create-a-blog-post-da9": {
    "component": "17896441",
    "content": "13b4ae65"
  },
  "/devops/configure/tutorial-basics/create-a-document-04f": {
    "component": "17896441",
    "content": "5d939f09"
  },
  "/devops/configure/tutorial-basics/create-a-page-8e8": {
    "component": "17896441",
    "content": "b4c4984f"
  },
  "/devops/configure/tutorial-basics/deploy-your-site-258": {
    "component": "17896441",
    "content": "05572cb8"
  },
  "/devops/configure/tutorial-basics/markdown-features-41b": {
    "component": "17896441",
    "content": "3962e4e7"
  },
  "/devops/configure/tutorial-extras/manage-docs-versions-bf8": {
    "component": "17896441",
    "content": "727bb7b7"
  },
  "/devops/configure/tutorial-extras/translate-your-site-961": {
    "component": "17896441",
    "content": "d79b5680"
  },
  "/devops/integration/intro-847": {
    "component": "17896441",
    "content": "4a9f9b09"
  },
  "/devops/integration/tutorial-basics/congratulations-f1b": {
    "component": "17896441",
    "content": "2c827daa"
  },
  "/devops/integration/tutorial-basics/create-a-blog-post-8fb": {
    "component": "17896441",
    "content": "9350b2b3"
  },
  "/devops/integration/tutorial-basics/create-a-document-5b1": {
    "component": "17896441",
    "content": "e52aa328"
  },
  "/devops/integration/tutorial-basics/create-a-page-775": {
    "component": "17896441",
    "content": "737f9c5a"
  },
  "/devops/integration/tutorial-basics/deploy-your-site-345": {
    "component": "17896441",
    "content": "d71600b0"
  },
  "/devops/integration/tutorial-basics/markdown-features-9d6": {
    "component": "17896441",
    "content": "d7d34bb4"
  },
  "/devops/integration/tutorial-extras/manage-docs-versions-e02": {
    "component": "17896441",
    "content": "ea9daf02"
  },
  "/devops/integration/tutorial-extras/translate-your-site-b14": {
    "component": "17896441",
    "content": "91d0aec9"
  },
  "/devops/intro-f5c": {
    "component": "17896441",
    "content": "d719f03f"
  },
  "/devops/testing/intro-948": {
    "component": "17896441",
    "content": "38c52f50"
  },
  "/devops/testing/tutorial-basics/congratulations-236": {
    "component": "17896441",
    "content": "a09855ec"
  },
  "/devops/testing/tutorial-basics/create-a-blog-post-aa8": {
    "component": "17896441",
    "content": "5ee0ad9d"
  },
  "/devops/testing/tutorial-basics/create-a-document-e24": {
    "component": "17896441",
    "content": "b15627ae"
  },
  "/devops/testing/tutorial-basics/create-a-page-57e": {
    "component": "17896441",
    "content": "abdc20d3"
  },
  "/devops/testing/tutorial-basics/deploy-your-site-ac8": {
    "component": "17896441",
    "content": "1bddc64d"
  },
  "/devops/testing/tutorial-basics/markdown-features-4ab": {
    "component": "17896441",
    "content": "3f781b0d"
  },
  "/devops/testing/tutorial-extras/manage-docs-versions-1b3": {
    "component": "17896441",
    "content": "bdbbcd73"
  },
  "/devops/testing/tutorial-extras/translate-your-site-2df": {
    "component": "17896441",
    "content": "150bdbee"
  },
  "/docs-ccd": {
    "component": "1be78505",
    "versionMetadata": "935f2afb"
  },
  "/docs/intro-aed": {
    "component": "17896441",
    "content": "0e384e19"
  },
  "/docs/tutorial-01/desc-17b": {
    "component": "17896441",
    "content": "a42aad23"
  },
  "/docs/tutorial-01/tutorial01-df0": {
    "component": "17896441",
    "content": "b44c5a17"
  },
  "/docs/tutorial-basics/congratulations-793": {
    "component": "17896441",
    "content": "822bd8ab"
  },
  "/docs/tutorial-basics/create-a-blog-post-68e": {
    "component": "17896441",
    "content": "533a09ca"
  },
  "/docs/tutorial-basics/create-a-document-c2d": {
    "component": "17896441",
    "content": "1e4232ab"
  },
  "/docs/tutorial-basics/create-a-page-f44": {
    "component": "17896441",
    "content": "5c868d36"
  },
  "/docs/tutorial-basics/deploy-your-site-e46": {
    "component": "17896441",
    "content": "f55d3e7a"
  },
  "/docs/tutorial-basics/markdown-features-4b7": {
    "component": "17896441",
    "content": "18c41134"
  },
  "/docs/tutorial-extras/manage-docs-versions-fdd": {
    "component": "17896441",
    "content": "dff1c289"
  },
  "/docs/tutorial-extras/translate-your-site-2d7": {
    "component": "17896441",
    "content": "e44a2883"
  },
  "/programming-070": {
    "component": "1be78505",
    "versionMetadata": "a9e3c423"
  },
  "/programming/intro-c52": {
    "component": "17896441",
    "content": "d6b5ec56"
  },
  "/programming/javascript/intro-4ad": {
    "component": "17896441",
    "content": "02cdb5a3"
  },
  "/programming/javascript/tutorial-basics/congratulations-ef0": {
    "component": "17896441",
    "content": "b3303244"
  },
  "/programming/javascript/tutorial-basics/create-a-blog-post-6c3": {
    "component": "17896441",
    "content": "259b888f"
  },
  "/programming/javascript/tutorial-basics/create-a-document-a31": {
    "component": "17896441",
    "content": "deb20cac"
  },
  "/programming/javascript/tutorial-basics/create-a-page-dc7": {
    "component": "17896441",
    "content": "77549570"
  },
  "/programming/javascript/tutorial-basics/deploy-your-site-396": {
    "component": "17896441",
    "content": "51cc8d42"
  },
  "/programming/javascript/tutorial-basics/markdown-features-80b": {
    "component": "17896441",
    "content": "bcf03534"
  },
  "/programming/javascript/tutorial-extras/manage-docs-versions-e1d": {
    "component": "17896441",
    "content": "75d01875"
  },
  "/programming/javascript/tutorial-extras/translate-your-site-a94": {
    "component": "17896441",
    "content": "abc72ce0"
  },
  "/programming/python/intro-3f7": {
    "component": "17896441",
    "content": "b86213d0"
  },
  "/programming/python/tutorial-basics/congratulations-3da": {
    "component": "17896441",
    "content": "6674831f"
  },
  "/programming/python/tutorial-basics/create-a-blog-post-919": {
    "component": "17896441",
    "content": "9ea990c9"
  },
  "/programming/python/tutorial-basics/create-a-document-127": {
    "component": "17896441",
    "content": "4428b956"
  },
  "/programming/python/tutorial-basics/create-a-page-a56": {
    "component": "17896441",
    "content": "f7b08313"
  },
  "/programming/python/tutorial-basics/deploy-your-site-c6f": {
    "component": "17896441",
    "content": "3805ea45"
  },
  "/programming/python/tutorial-basics/markdown-features-1a3": {
    "component": "17896441",
    "content": "86c32565"
  },
  "/programming/python/tutorial-extras/manage-docs-versions-a70": {
    "component": "17896441",
    "content": "e3fa2278"
  },
  "/programming/python/tutorial-extras/translate-your-site-08e": {
    "component": "17896441",
    "content": "198afdb4"
  },
  "/-deb": {
    "component": "c4f5d8e4",
    "config": "5e9f5e1a"
  }
}