{
  "unversionedId": "tutorial-01/tutorial01",
  "id": "tutorial-01/tutorial01",
  "title": "Introduction",
  "description": "Let's discover Docusaurus in less than 5 minutes.",
  "source": "@site/docs/tutorial-01/tutorial01.md",
  "sourceDirName": "tutorial-01",
  "slug": "/tutorial-01/tutorial01",
  "permalink": "/docs/tutorial-01/tutorial01",
  "editUrl": "https://github.com/facebook/docusaurus/tree/main/packages/create-docusaurus/templates/shared/docs/tutorial-01/tutorial01.md",
  "tags": [],
  "version": "current",
  "sidebarPosition": 1,
  "frontMatter": {
    "sidebar_position": 1
  },
  "sidebar": "tutorialSidebar",
  "previous": {
    "title": "Translate your site",
    "permalink": "/docs/tutorial-extras/translate-your-site"
  },
  "next": {
    "title": "Description",
    "permalink": "/docs/tutorial-01/desc"
  }
}