{
  "unversionedId": "tutorial-extras/translate-your-site",
  "id": "tutorial-extras/translate-your-site",
  "title": "Translate your site",
  "description": "Let's translate docs/intro.md to French.",
  "source": "@site/docs-api/tutorial02/tutorial-extras/translate-your-site.md",
  "sourceDirName": "tutorial-extras",
  "slug": "/tutorial-extras/translate-your-site",
  "permalink": "/docs-api/tutorial02/tutorial-extras/translate-your-site",
  "tags": [],
  "version": "current",
  "sidebarPosition": 2,
  "frontMatter": {
    "sidebar_position": 2
  }
}